video,frame_path,audio_path,label,audio_available
Abuse001_x264,datasets/UCF-Crime_frames_16\Abuse\Abuse001_x264,datasets/UCF-Crime_audio\Abuse\Abuse001_x264.wav,Abuse,1
Abuse002_x264,datasets/UCF-Crime_frames_16\Abuse\Abuse002_x264,,Abuse,0
Abuse003_x264,datasets/UCF-Crime_frames_16\Abuse\Abuse003_x264,datasets/UCF-Crime_audio\Abuse\Abuse003_x264.wav,Abuse,1
Abuse004_x264,datasets/UCF-Crime_frames_16\Abuse\Abuse004_x264,datasets/UCF-Crime_audio\Abuse\Abuse004_x264.wav,Abuse,1
Abuse005_x264,datasets/UCF-Crime_frames_16\Abuse\Abuse005_x264,datasets/UCF-Crime_audio\Abuse\Abuse005_x264.wav,Abuse,1
Abuse006_x264,datasets/UCF-Crime_frames_16\Abuse\Abuse006_x264,datasets/UCF-Crime_audio\Abuse\Abuse006_x264.wav,Abuse,1
Abuse007_x264,datasets/UCF-Crime_frames_16\Abuse\Abuse007_x264,datasets/UCF-Crime_audio\Abuse\Abuse007_x264.wav,Abuse,1
Abuse008_x264,datasets/UCF-Crime_frames_16\Abuse\Abuse008_x264,datasets/UCF-Crime_audio\Abuse\Abuse008_x264.wav,Abuse,1
Abuse009_x264,datasets/UCF-Crime_frames_16\Abuse\Abuse009_x264,datasets/UCF-Crime_audio\Abuse\Abuse009_x264.wav,Abuse,1
Abuse010_x264,datasets/UCF-Crime_frames_16\Abuse\Abuse010_x264,datasets/UCF-Crime_audio\Abuse\Abuse010_x264.wav,Abuse,1
Abuse011_x264,datasets/UCF-Crime_frames_16\Abuse\Abuse011_x264,datasets/UCF-Crime_audio\Abuse\Abuse011_x264.wav,Abuse,1
Abuse012_x264,datasets/UCF-Crime_frames_16\Abuse\Abuse012_x264,datasets/UCF-Crime_audio\Abuse\Abuse012_x264.wav,Abuse,1
Abuse013_x264,datasets/UCF-Crime_frames_16\Abuse\Abuse013_x264,datasets/UCF-Crime_audio\Abuse\Abuse013_x264.wav,Abuse,1
Abuse014_x264,datasets/UCF-Crime_frames_16\Abuse\Abuse014_x264,datasets/UCF-Crime_audio\Abuse\Abuse014_x264.wav,Abuse,1
Abuse015_x264,datasets/UCF-Crime_frames_16\Abuse\Abuse015_x264,datasets/UCF-Crime_audio\Abuse\Abuse015_x264.wav,Abuse,1
Abuse016_x264,datasets/UCF-Crime_frames_16\Abuse\Abuse016_x264,datasets/UCF-Crime_audio\Abuse\Abuse016_x264.wav,Abuse,1
Abuse017_x264,datasets/UCF-Crime_frames_16\Abuse\Abuse017_x264,datasets/UCF-Crime_audio\Abuse\Abuse017_x264.wav,Abuse,1
Abuse018_x264,datasets/UCF-Crime_frames_16\Abuse\Abuse018_x264,datasets/UCF-Crime_audio\Abuse\Abuse018_x264.wav,Abuse,1
Abuse019_x264,datasets/UCF-Crime_frames_16\Abuse\Abuse019_x264,datasets/UCF-Crime_audio\Abuse\Abuse019_x264.wav,Abuse,1
Abuse020_x264,datasets/UCF-Crime_frames_16\Abuse\Abuse020_x264,datasets/UCF-Crime_audio\Abuse\Abuse020_x264.wav,Abuse,1
Abuse021_x264,datasets/UCF-Crime_frames_16\Abuse\Abuse021_x264,datasets/UCF-Crime_audio\Abuse\Abuse021_x264.wav,Abuse,1
Abuse022_x264,datasets/UCF-Crime_frames_16\Abuse\Abuse022_x264,datasets/UCF-Crime_audio\Abuse\Abuse022_x264.wav,Abuse,1
Abuse023_x264,datasets/UCF-Crime_frames_16\Abuse\Abuse023_x264,datasets/UCF-Crime_audio\Abuse\Abuse023_x264.wav,Abuse,1
Abuse024_x264,datasets/UCF-Crime_frames_16\Abuse\Abuse024_x264,datasets/UCF-Crime_audio\Abuse\Abuse024_x264.wav,Abuse,1
Abuse025_x264,datasets/UCF-Crime_frames_16\Abuse\Abuse025_x264,datasets/UCF-Crime_audio\Abuse\Abuse025_x264.wav,Abuse,1
Abuse026_x264,datasets/UCF-Crime_frames_16\Abuse\Abuse026_x264,datasets/UCF-Crime_audio\Abuse\Abuse026_x264.wav,Abuse,1
Abuse027_x264,datasets/UCF-Crime_frames_16\Abuse\Abuse027_x264,datasets/UCF-Crime_audio\Abuse\Abuse027_x264.wav,Abuse,1
Abuse028_x264,datasets/UCF-Crime_frames_16\Abuse\Abuse028_x264,datasets/UCF-Crime_audio\Abuse\Abuse028_x264.wav,Abuse,1
Abuse029_x264,datasets/UCF-Crime_frames_16\Abuse\Abuse029_x264,datasets/UCF-Crime_audio\Abuse\Abuse029_x264.wav,Abuse,1
Abuse030_x264,datasets/UCF-Crime_frames_16\Abuse\Abuse030_x264,datasets/UCF-Crime_audio\Abuse\Abuse030_x264.wav,Abuse,1
Abuse031_x264,datasets/UCF-Crime_frames_16\Abuse\Abuse031_x264,datasets/UCF-Crime_audio\Abuse\Abuse031_x264.wav,Abuse,1
Abuse032_x264,datasets/UCF-Crime_frames_16\Abuse\Abuse032_x264,datasets/UCF-Crime_audio\Abuse\Abuse032_x264.wav,Abuse,1
Abuse033_x264,datasets/UCF-Crime_frames_16\Abuse\Abuse033_x264,datasets/UCF-Crime_audio\Abuse\Abuse033_x264.wav,Abuse,1
Abuse034_x264,datasets/UCF-Crime_frames_16\Abuse\Abuse034_x264,datasets/UCF-Crime_audio\Abuse\Abuse034_x264.wav,Abuse,1
Abuse035_x264,datasets/UCF-Crime_frames_16\Abuse\Abuse035_x264,datasets/UCF-Crime_audio\Abuse\Abuse035_x264.wav,Abuse,1
Abuse036_x264,datasets/UCF-Crime_frames_16\Abuse\Abuse036_x264,datasets/UCF-Crime_audio\Abuse\Abuse036_x264.wav,Abuse,1
Abuse037_x264,datasets/UCF-Crime_frames_16\Abuse\Abuse037_x264,datasets/UCF-Crime_audio\Abuse\Abuse037_x264.wav,Abuse,1
Abuse038_x264,datasets/UCF-Crime_frames_16\Abuse\Abuse038_x264,datasets/UCF-Crime_audio\Abuse\Abuse038_x264.wav,Abuse,1
Abuse039_x264,datasets/UCF-Crime_frames_16\Abuse\Abuse039_x264,datasets/UCF-Crime_audio\Abuse\Abuse039_x264.wav,Abuse,1
Abuse040_x264,datasets/UCF-Crime_frames_16\Abuse\Abuse040_x264,datasets/UCF-Crime_audio\Abuse\Abuse040_x264.wav,Abuse,1
Abuse041_x264,datasets/UCF-Crime_frames_16\Abuse\Abuse041_x264,datasets/UCF-Crime_audio\Abuse\Abuse041_x264.wav,Abuse,1
Abuse042_x264,datasets/UCF-Crime_frames_16\Abuse\Abuse042_x264,datasets/UCF-Crime_audio\Abuse\Abuse042_x264.wav,Abuse,1
Abuse043_x264,datasets/UCF-Crime_frames_16\Abuse\Abuse043_x264,datasets/UCF-Crime_audio\Abuse\Abuse043_x264.wav,Abuse,1
Abuse044_x264,datasets/UCF-Crime_frames_16\Abuse\Abuse044_x264,datasets/UCF-Crime_audio\Abuse\Abuse044_x264.wav,Abuse,1
Abuse045_x264,datasets/UCF-Crime_frames_16\Abuse\Abuse045_x264,datasets/UCF-Crime_audio\Abuse\Abuse045_x264.wav,Abuse,1
Abuse046_x264,datasets/UCF-Crime_frames_16\Abuse\Abuse046_x264,datasets/UCF-Crime_audio\Abuse\Abuse046_x264.wav,Abuse,1
Abuse047_x264,datasets/UCF-Crime_frames_16\Abuse\Abuse047_x264,datasets/UCF-Crime_audio\Abuse\Abuse047_x264.wav,Abuse,1
Abuse048_x264,datasets/UCF-Crime_frames_16\Abuse\Abuse048_x264,datasets/UCF-Crime_audio\Abuse\Abuse048_x264.wav,Abuse,1
Abuse049_x264,datasets/UCF-Crime_frames_16\Abuse\Abuse049_x264,datasets/UCF-Crime_audio\Abuse\Abuse049_x264.wav,Abuse,1
Abuse050_x264,datasets/UCF-Crime_frames_16\Abuse\Abuse050_x264,datasets/UCF-Crime_audio\Abuse\Abuse050_x264.wav,Abuse,1
Arrest001_x264,datasets/UCF-Crime_frames_16\Arrest\Arrest001_x264,datasets/UCF-Crime_audio\Arrest\Arrest001_x264.wav,Arrest,1
Arrest002_x264,datasets/UCF-Crime_frames_16\Arrest\Arrest002_x264,datasets/UCF-Crime_audio\Arrest\Arrest002_x264.wav,Arrest,1
Arrest003_x264,datasets/UCF-Crime_frames_16\Arrest\Arrest003_x264,datasets/UCF-Crime_audio\Arrest\Arrest003_x264.wav,Arrest,1
Arrest004_x264,datasets/UCF-Crime_frames_16\Arrest\Arrest004_x264,datasets/UCF-Crime_audio\Arrest\Arrest004_x264.wav,Arrest,1
Arrest005_x264,datasets/UCF-Crime_frames_16\Arrest\Arrest005_x264,,Arrest,0
Arrest006_x264,datasets/UCF-Crime_frames_16\Arrest\Arrest006_x264,datasets/UCF-Crime_audio\Arrest\Arrest006_x264.wav,Arrest,1
Arrest007_x264,datasets/UCF-Crime_frames_16\Arrest\Arrest007_x264,datasets/UCF-Crime_audio\Arrest\Arrest007_x264.wav,Arrest,1
Arrest008_x264,datasets/UCF-Crime_frames_16\Arrest\Arrest008_x264,datasets/UCF-Crime_audio\Arrest\Arrest008_x264.wav,Arrest,1
Arrest009_x264,datasets/UCF-Crime_frames_16\Arrest\Arrest009_x264,datasets/UCF-Crime_audio\Arrest\Arrest009_x264.wav,Arrest,1
Arrest010_x264,datasets/UCF-Crime_frames_16\Arrest\Arrest010_x264,datasets/UCF-Crime_audio\Arrest\Arrest010_x264.wav,Arrest,1
Arrest011_x264,datasets/UCF-Crime_frames_16\Arrest\Arrest011_x264,datasets/UCF-Crime_audio\Arrest\Arrest011_x264.wav,Arrest,1
Arrest012_x264,datasets/UCF-Crime_frames_16\Arrest\Arrest012_x264,datasets/UCF-Crime_audio\Arrest\Arrest012_x264.wav,Arrest,1
Arrest013_x264,datasets/UCF-Crime_frames_16\Arrest\Arrest013_x264,datasets/UCF-Crime_audio\Arrest\Arrest013_x264.wav,Arrest,1
Arrest014_x264,datasets/UCF-Crime_frames_16\Arrest\Arrest014_x264,datasets/UCF-Crime_audio\Arrest\Arrest014_x264.wav,Arrest,1
Arrest015_x264,datasets/UCF-Crime_frames_16\Arrest\Arrest015_x264,datasets/UCF-Crime_audio\Arrest\Arrest015_x264.wav,Arrest,1
Arrest016_x264,datasets/UCF-Crime_frames_16\Arrest\Arrest016_x264,datasets/UCF-Crime_audio\Arrest\Arrest016_x264.wav,Arrest,1
Arrest017_x264,datasets/UCF-Crime_frames_16\Arrest\Arrest017_x264,datasets/UCF-Crime_audio\Arrest\Arrest017_x264.wav,Arrest,1
Arrest018_x264,datasets/UCF-Crime_frames_16\Arrest\Arrest018_x264,datasets/UCF-Crime_audio\Arrest\Arrest018_x264.wav,Arrest,1
Arrest019_x264,datasets/UCF-Crime_frames_16\Arrest\Arrest019_x264,datasets/UCF-Crime_audio\Arrest\Arrest019_x264.wav,Arrest,1
Arrest020_x264,datasets/UCF-Crime_frames_16\Arrest\Arrest020_x264,datasets/UCF-Crime_audio\Arrest\Arrest020_x264.wav,Arrest,1
Arrest021_x264,datasets/UCF-Crime_frames_16\Arrest\Arrest021_x264,datasets/UCF-Crime_audio\Arrest\Arrest021_x264.wav,Arrest,1
Arrest022_x264,datasets/UCF-Crime_frames_16\Arrest\Arrest022_x264,datasets/UCF-Crime_audio\Arrest\Arrest022_x264.wav,Arrest,1
Arrest023_x264,datasets/UCF-Crime_frames_16\Arrest\Arrest023_x264,datasets/UCF-Crime_audio\Arrest\Arrest023_x264.wav,Arrest,1
Arrest024_x264,datasets/UCF-Crime_frames_16\Arrest\Arrest024_x264,datasets/UCF-Crime_audio\Arrest\Arrest024_x264.wav,Arrest,1
Arrest025_x264,datasets/UCF-Crime_frames_16\Arrest\Arrest025_x264,datasets/UCF-Crime_audio\Arrest\Arrest025_x264.wav,Arrest,1
Arrest026_x264,datasets/UCF-Crime_frames_16\Arrest\Arrest026_x264,datasets/UCF-Crime_audio\Arrest\Arrest026_x264.wav,Arrest,1
Arrest027_x264,datasets/UCF-Crime_frames_16\Arrest\Arrest027_x264,datasets/UCF-Crime_audio\Arrest\Arrest027_x264.wav,Arrest,1
Arrest028_x264,datasets/UCF-Crime_frames_16\Arrest\Arrest028_x264,datasets/UCF-Crime_audio\Arrest\Arrest028_x264.wav,Arrest,1
Arrest029_x264,datasets/UCF-Crime_frames_16\Arrest\Arrest029_x264,datasets/UCF-Crime_audio\Arrest\Arrest029_x264.wav,Arrest,1
Arrest030_x264,datasets/UCF-Crime_frames_16\Arrest\Arrest030_x264,datasets/UCF-Crime_audio\Arrest\Arrest030_x264.wav,Arrest,1
Arrest031_x264,datasets/UCF-Crime_frames_16\Arrest\Arrest031_x264,datasets/UCF-Crime_audio\Arrest\Arrest031_x264.wav,Arrest,1
Arrest032_x264,datasets/UCF-Crime_frames_16\Arrest\Arrest032_x264,datasets/UCF-Crime_audio\Arrest\Arrest032_x264.wav,Arrest,1
Arrest033_x264,datasets/UCF-Crime_frames_16\Arrest\Arrest033_x264,datasets/UCF-Crime_audio\Arrest\Arrest033_x264.wav,Arrest,1
Arrest034_x264,datasets/UCF-Crime_frames_16\Arrest\Arrest034_x264,datasets/UCF-Crime_audio\Arrest\Arrest034_x264.wav,Arrest,1
Arrest035_x264,datasets/UCF-Crime_frames_16\Arrest\Arrest035_x264,datasets/UCF-Crime_audio\Arrest\Arrest035_x264.wav,Arrest,1
Arrest036_x264,datasets/UCF-Crime_frames_16\Arrest\Arrest036_x264,datasets/UCF-Crime_audio\Arrest\Arrest036_x264.wav,Arrest,1
Arrest037_x264,datasets/UCF-Crime_frames_16\Arrest\Arrest037_x264,datasets/UCF-Crime_audio\Arrest\Arrest037_x264.wav,Arrest,1
Arrest038_x264,datasets/UCF-Crime_frames_16\Arrest\Arrest038_x264,datasets/UCF-Crime_audio\Arrest\Arrest038_x264.wav,Arrest,1
Arrest039_x264,datasets/UCF-Crime_frames_16\Arrest\Arrest039_x264,datasets/UCF-Crime_audio\Arrest\Arrest039_x264.wav,Arrest,1
Arrest040_x264,datasets/UCF-Crime_frames_16\Arrest\Arrest040_x264,datasets/UCF-Crime_audio\Arrest\Arrest040_x264.wav,Arrest,1
Arrest041_x264,datasets/UCF-Crime_frames_16\Arrest\Arrest041_x264,datasets/UCF-Crime_audio\Arrest\Arrest041_x264.wav,Arrest,1
Arrest042_x264,datasets/UCF-Crime_frames_16\Arrest\Arrest042_x264,datasets/UCF-Crime_audio\Arrest\Arrest042_x264.wav,Arrest,1
Arrest043_x264,datasets/UCF-Crime_frames_16\Arrest\Arrest043_x264,datasets/UCF-Crime_audio\Arrest\Arrest043_x264.wav,Arrest,1
Arrest044_x264,datasets/UCF-Crime_frames_16\Arrest\Arrest044_x264,datasets/UCF-Crime_audio\Arrest\Arrest044_x264.wav,Arrest,1
Arrest046_x264,datasets/UCF-Crime_frames_16\Arrest\Arrest046_x264,datasets/UCF-Crime_audio\Arrest\Arrest046_x264.wav,Arrest,1
Arrest047_x264,datasets/UCF-Crime_frames_16\Arrest\Arrest047_x264,,Arrest,0
Arrest048_x264,datasets/UCF-Crime_frames_16\Arrest\Arrest048_x264,datasets/UCF-Crime_audio\Arrest\Arrest048_x264.wav,Arrest,1
Arrest049_x264,datasets/UCF-Crime_frames_16\Arrest\Arrest049_x264,datasets/UCF-Crime_audio\Arrest\Arrest049_x264.wav,Arrest,1
Arrest050_x264,datasets/UCF-Crime_frames_16\Arrest\Arrest050_x264,,Arrest,0
Arrest051_x264,datasets/UCF-Crime_frames_16\Arrest\Arrest051_x264,,Arrest,0
Arson001_x264,datasets/UCF-Crime_frames_16\Arson\Arson001_x264,datasets/UCF-Crime_audio\Arson\Arson001_x264.wav,Arson,1
Arson002_x264,datasets/UCF-Crime_frames_16\Arson\Arson002_x264,datasets/UCF-Crime_audio\Arson\Arson002_x264.wav,Arson,1
Arson003_x264,datasets/UCF-Crime_frames_16\Arson\Arson003_x264,datasets/UCF-Crime_audio\Arson\Arson003_x264.wav,Arson,1
Arson005_x264,datasets/UCF-Crime_frames_16\Arson\Arson005_x264,datasets/UCF-Crime_audio\Arson\Arson005_x264.wav,Arson,1
Arson006_x264,datasets/UCF-Crime_frames_16\Arson\Arson006_x264,datasets/UCF-Crime_audio\Arson\Arson006_x264.wav,Arson,1
Arson007_x264,datasets/UCF-Crime_frames_16\Arson\Arson007_x264,datasets/UCF-Crime_audio\Arson\Arson007_x264.wav,Arson,1
Arson008_x264,datasets/UCF-Crime_frames_16\Arson\Arson008_x264,datasets/UCF-Crime_audio\Arson\Arson008_x264.wav,Arson,1
Arson009_x264,datasets/UCF-Crime_frames_16\Arson\Arson009_x264,datasets/UCF-Crime_audio\Arson\Arson009_x264.wav,Arson,1
Arson010_x264,datasets/UCF-Crime_frames_16\Arson\Arson010_x264,datasets/UCF-Crime_audio\Arson\Arson010_x264.wav,Arson,1
Arson011_x264,datasets/UCF-Crime_frames_16\Arson\Arson011_x264,datasets/UCF-Crime_audio\Arson\Arson011_x264.wav,Arson,1
Arson012_x264,datasets/UCF-Crime_frames_16\Arson\Arson012_x264,datasets/UCF-Crime_audio\Arson\Arson012_x264.wav,Arson,1
Arson013_x264,datasets/UCF-Crime_frames_16\Arson\Arson013_x264,datasets/UCF-Crime_audio\Arson\Arson013_x264.wav,Arson,1
Arson014_x264,datasets/UCF-Crime_frames_16\Arson\Arson014_x264,datasets/UCF-Crime_audio\Arson\Arson014_x264.wav,Arson,1
Arson015_x264,datasets/UCF-Crime_frames_16\Arson\Arson015_x264,datasets/UCF-Crime_audio\Arson\Arson015_x264.wav,Arson,1
Arson016_x264,datasets/UCF-Crime_frames_16\Arson\Arson016_x264,datasets/UCF-Crime_audio\Arson\Arson016_x264.wav,Arson,1
Arson017_x264,datasets/UCF-Crime_frames_16\Arson\Arson017_x264,datasets/UCF-Crime_audio\Arson\Arson017_x264.wav,Arson,1
Arson018_x264,datasets/UCF-Crime_frames_16\Arson\Arson018_x264,datasets/UCF-Crime_audio\Arson\Arson018_x264.wav,Arson,1
Arson019_x264,datasets/UCF-Crime_frames_16\Arson\Arson019_x264,datasets/UCF-Crime_audio\Arson\Arson019_x264.wav,Arson,1
Arson020_x264,datasets/UCF-Crime_frames_16\Arson\Arson020_x264,datasets/UCF-Crime_audio\Arson\Arson020_x264.wav,Arson,1
Arson021_x264,datasets/UCF-Crime_frames_16\Arson\Arson021_x264,datasets/UCF-Crime_audio\Arson\Arson021_x264.wav,Arson,1
Arson022_x264,datasets/UCF-Crime_frames_16\Arson\Arson022_x264,datasets/UCF-Crime_audio\Arson\Arson022_x264.wav,Arson,1
Arson023_x264,datasets/UCF-Crime_frames_16\Arson\Arson023_x264,datasets/UCF-Crime_audio\Arson\Arson023_x264.wav,Arson,1
Arson024_x264,datasets/UCF-Crime_frames_16\Arson\Arson024_x264,datasets/UCF-Crime_audio\Arson\Arson024_x264.wav,Arson,1
Arson025_x264,datasets/UCF-Crime_frames_16\Arson\Arson025_x264,datasets/UCF-Crime_audio\Arson\Arson025_x264.wav,Arson,1
Arson026_x264,datasets/UCF-Crime_frames_16\Arson\Arson026_x264,datasets/UCF-Crime_audio\Arson\Arson026_x264.wav,Arson,1
Arson027_x264,datasets/UCF-Crime_frames_16\Arson\Arson027_x264,datasets/UCF-Crime_audio\Arson\Arson027_x264.wav,Arson,1
Arson028_x264,datasets/UCF-Crime_frames_16\Arson\Arson028_x264,datasets/UCF-Crime_audio\Arson\Arson028_x264.wav,Arson,1
Arson029_x264,datasets/UCF-Crime_frames_16\Arson\Arson029_x264,datasets/UCF-Crime_audio\Arson\Arson029_x264.wav,Arson,1
Arson030_x264,datasets/UCF-Crime_frames_16\Arson\Arson030_x264,datasets/UCF-Crime_audio\Arson\Arson030_x264.wav,Arson,1
Arson031_x264,datasets/UCF-Crime_frames_16\Arson\Arson031_x264,datasets/UCF-Crime_audio\Arson\Arson031_x264.wav,Arson,1
Arson032_x264,datasets/UCF-Crime_frames_16\Arson\Arson032_x264,datasets/UCF-Crime_audio\Arson\Arson032_x264.wav,Arson,1
Arson034_x264,datasets/UCF-Crime_frames_16\Arson\Arson034_x264,datasets/UCF-Crime_audio\Arson\Arson034_x264.wav,Arson,1
Arson035_x264,datasets/UCF-Crime_frames_16\Arson\Arson035_x264,datasets/UCF-Crime_audio\Arson\Arson035_x264.wav,Arson,1
Arson036_x264,datasets/UCF-Crime_frames_16\Arson\Arson036_x264,datasets/UCF-Crime_audio\Arson\Arson036_x264.wav,Arson,1
Arson037_x264,datasets/UCF-Crime_frames_16\Arson\Arson037_x264,datasets/UCF-Crime_audio\Arson\Arson037_x264.wav,Arson,1
Arson038_x264,datasets/UCF-Crime_frames_16\Arson\Arson038_x264,datasets/UCF-Crime_audio\Arson\Arson038_x264.wav,Arson,1
Arson039_x264,datasets/UCF-Crime_frames_16\Arson\Arson039_x264,datasets/UCF-Crime_audio\Arson\Arson039_x264.wav,Arson,1
Arson040_x264,datasets/UCF-Crime_frames_16\Arson\Arson040_x264,datasets/UCF-Crime_audio\Arson\Arson040_x264.wav,Arson,1
Arson041_x264,datasets/UCF-Crime_frames_16\Arson\Arson041_x264,datasets/UCF-Crime_audio\Arson\Arson041_x264.wav,Arson,1
Arson042_x264,datasets/UCF-Crime_frames_16\Arson\Arson042_x264,datasets/UCF-Crime_audio\Arson\Arson042_x264.wav,Arson,1
Arson044_x264,datasets/UCF-Crime_frames_16\Arson\Arson044_x264,datasets/UCF-Crime_audio\Arson\Arson044_x264.wav,Arson,1
Arson045_x264,datasets/UCF-Crime_frames_16\Arson\Arson045_x264,datasets/UCF-Crime_audio\Arson\Arson045_x264.wav,Arson,1
Arson046_x264,datasets/UCF-Crime_frames_16\Arson\Arson046_x264,datasets/UCF-Crime_audio\Arson\Arson046_x264.wav,Arson,1
Arson047_x264,datasets/UCF-Crime_frames_16\Arson\Arson047_x264,datasets/UCF-Crime_audio\Arson\Arson047_x264.wav,Arson,1
Arson048_x264,datasets/UCF-Crime_frames_16\Arson\Arson048_x264,datasets/UCF-Crime_audio\Arson\Arson048_x264.wav,Arson,1
Arson049_x264,datasets/UCF-Crime_frames_16\Arson\Arson049_x264,datasets/UCF-Crime_audio\Arson\Arson049_x264.wav,Arson,1
Arson050_x264,datasets/UCF-Crime_frames_16\Arson\Arson050_x264,datasets/UCF-Crime_audio\Arson\Arson050_x264.wav,Arson,1
Arson051_x264,datasets/UCF-Crime_frames_16\Arson\Arson051_x264,datasets/UCF-Crime_audio\Arson\Arson051_x264.wav,Arson,1
Arson052_x264,datasets/UCF-Crime_frames_16\Arson\Arson052_x264,datasets/UCF-Crime_audio\Arson\Arson052_x264.wav,Arson,1
Arson053_x264,datasets/UCF-Crime_frames_16\Arson\Arson053_x264,datasets/UCF-Crime_audio\Arson\Arson053_x264.wav,Arson,1
Assault001_x264,datasets/UCF-Crime_frames_16\Assault\Assault001_x264,datasets/UCF-Crime_audio\Assault\Assault001_x264.wav,Assault,1
Assault002_x264,datasets/UCF-Crime_frames_16\Assault\Assault002_x264,datasets/UCF-Crime_audio\Assault\Assault002_x264.wav,Assault,1
Assault003_x264,datasets/UCF-Crime_frames_16\Assault\Assault003_x264,,Assault,0
Assault004_x264,datasets/UCF-Crime_frames_16\Assault\Assault004_x264,,Assault,0
Assault005_x264,datasets/UCF-Crime_frames_16\Assault\Assault005_x264,,Assault,0
Assault006_x264,datasets/UCF-Crime_frames_16\Assault\Assault006_x264,,Assault,0
Assault007_x264,datasets/UCF-Crime_frames_16\Assault\Assault007_x264,,Assault,0
Assault008_x264,datasets/UCF-Crime_frames_16\Assault\Assault008_x264,,Assault,0
Assault009_x264,datasets/UCF-Crime_frames_16\Assault\Assault009_x264,datasets/UCF-Crime_audio\Assault\Assault009_x264.wav,Assault,1
Assault010_x264,datasets/UCF-Crime_frames_16\Assault\Assault010_x264,datasets/UCF-Crime_audio\Assault\Assault010_x264.wav,Assault,1
Assault011_x264,datasets/UCF-Crime_frames_16\Assault\Assault011_x264,datasets/UCF-Crime_audio\Assault\Assault011_x264.wav,Assault,1
Assault012_x264,datasets/UCF-Crime_frames_16\Assault\Assault012_x264,datasets/UCF-Crime_audio\Assault\Assault012_x264.wav,Assault,1
Assault013_x264,datasets/UCF-Crime_frames_16\Assault\Assault013_x264,datasets/UCF-Crime_audio\Assault\Assault013_x264.wav,Assault,1
Assault014_x264,datasets/UCF-Crime_frames_16\Assault\Assault014_x264,datasets/UCF-Crime_audio\Assault\Assault014_x264.wav,Assault,1
Assault015_x264,datasets/UCF-Crime_frames_16\Assault\Assault015_x264,datasets/UCF-Crime_audio\Assault\Assault015_x264.wav,Assault,1
Assault016_x264,datasets/UCF-Crime_frames_16\Assault\Assault016_x264,datasets/UCF-Crime_audio\Assault\Assault016_x264.wav,Assault,1
Assault017_x264,datasets/UCF-Crime_frames_16\Assault\Assault017_x264,,Assault,0
Assault018_x264,datasets/UCF-Crime_frames_16\Assault\Assault018_x264,datasets/UCF-Crime_audio\Assault\Assault018_x264.wav,Assault,1
Assault019_x264,datasets/UCF-Crime_frames_16\Assault\Assault019_x264,datasets/UCF-Crime_audio\Assault\Assault019_x264.wav,Assault,1
Assault020_x264,datasets/UCF-Crime_frames_16\Assault\Assault020_x264,datasets/UCF-Crime_audio\Assault\Assault020_x264.wav,Assault,1
Assault022_x264,datasets/UCF-Crime_frames_16\Assault\Assault022_x264,datasets/UCF-Crime_audio\Assault\Assault022_x264.wav,Assault,1
Assault023_x264,datasets/UCF-Crime_frames_16\Assault\Assault023_x264,datasets/UCF-Crime_audio\Assault\Assault023_x264.wav,Assault,1
Assault024_x264,datasets/UCF-Crime_frames_16\Assault\Assault024_x264,datasets/UCF-Crime_audio\Assault\Assault024_x264.wav,Assault,1
Assault025_x264,datasets/UCF-Crime_frames_16\Assault\Assault025_x264,datasets/UCF-Crime_audio\Assault\Assault025_x264.wav,Assault,1
Assault026_x264,datasets/UCF-Crime_frames_16\Assault\Assault026_x264,datasets/UCF-Crime_audio\Assault\Assault026_x264.wav,Assault,1
Assault027_x264,datasets/UCF-Crime_frames_16\Assault\Assault027_x264,datasets/UCF-Crime_audio\Assault\Assault027_x264.wav,Assault,1
Assault028_x264,datasets/UCF-Crime_frames_16\Assault\Assault028_x264,datasets/UCF-Crime_audio\Assault\Assault028_x264.wav,Assault,1
Assault029_x264,datasets/UCF-Crime_frames_16\Assault\Assault029_x264,datasets/UCF-Crime_audio\Assault\Assault029_x264.wav,Assault,1
Assault030_x264,datasets/UCF-Crime_frames_16\Assault\Assault030_x264,datasets/UCF-Crime_audio\Assault\Assault030_x264.wav,Assault,1
Assault031_x264,datasets/UCF-Crime_frames_16\Assault\Assault031_x264,datasets/UCF-Crime_audio\Assault\Assault031_x264.wav,Assault,1
Assault032_x264,datasets/UCF-Crime_frames_16\Assault\Assault032_x264,datasets/UCF-Crime_audio\Assault\Assault032_x264.wav,Assault,1
Assault033_x264,datasets/UCF-Crime_frames_16\Assault\Assault033_x264,datasets/UCF-Crime_audio\Assault\Assault033_x264.wav,Assault,1
Assault034_x264,datasets/UCF-Crime_frames_16\Assault\Assault034_x264,datasets/UCF-Crime_audio\Assault\Assault034_x264.wav,Assault,1
Assault035_x264,datasets/UCF-Crime_frames_16\Assault\Assault035_x264,datasets/UCF-Crime_audio\Assault\Assault035_x264.wav,Assault,1
Assault036_x264,datasets/UCF-Crime_frames_16\Assault\Assault036_x264,datasets/UCF-Crime_audio\Assault\Assault036_x264.wav,Assault,1
Assault037_x264,datasets/UCF-Crime_frames_16\Assault\Assault037_x264,datasets/UCF-Crime_audio\Assault\Assault037_x264.wav,Assault,1
Assault038_x264,datasets/UCF-Crime_frames_16\Assault\Assault038_x264,datasets/UCF-Crime_audio\Assault\Assault038_x264.wav,Assault,1
Assault039_x264,datasets/UCF-Crime_frames_16\Assault\Assault039_x264,datasets/UCF-Crime_audio\Assault\Assault039_x264.wav,Assault,1
Assault040_x264,datasets/UCF-Crime_frames_16\Assault\Assault040_x264,datasets/UCF-Crime_audio\Assault\Assault040_x264.wav,Assault,1
Assault041_x264,datasets/UCF-Crime_frames_16\Assault\Assault041_x264,datasets/UCF-Crime_audio\Assault\Assault041_x264.wav,Assault,1
Assault042_x264,datasets/UCF-Crime_frames_16\Assault\Assault042_x264,datasets/UCF-Crime_audio\Assault\Assault042_x264.wav,Assault,1
Assault044_x264,datasets/UCF-Crime_frames_16\Assault\Assault044_x264,datasets/UCF-Crime_audio\Assault\Assault044_x264.wav,Assault,1
Assault045_x264,datasets/UCF-Crime_frames_16\Assault\Assault045_x264,datasets/UCF-Crime_audio\Assault\Assault045_x264.wav,Assault,1
Assault046_x264,datasets/UCF-Crime_frames_16\Assault\Assault046_x264,datasets/UCF-Crime_audio\Assault\Assault046_x264.wav,Assault,1
Assault047_x264,datasets/UCF-Crime_frames_16\Assault\Assault047_x264,datasets/UCF-Crime_audio\Assault\Assault047_x264.wav,Assault,1
Assault048_x264,datasets/UCF-Crime_frames_16\Assault\Assault048_x264,datasets/UCF-Crime_audio\Assault\Assault048_x264.wav,Assault,1
Assault049_x264,datasets/UCF-Crime_frames_16\Assault\Assault049_x264,datasets/UCF-Crime_audio\Assault\Assault049_x264.wav,Assault,1
Assault050_x264,datasets/UCF-Crime_frames_16\Assault\Assault050_x264,datasets/UCF-Crime_audio\Assault\Assault050_x264.wav,Assault,1
Assault051_x264,datasets/UCF-Crime_frames_16\Assault\Assault051_x264,datasets/UCF-Crime_audio\Assault\Assault051_x264.wav,Assault,1
Assault052_x264,datasets/UCF-Crime_frames_16\Assault\Assault052_x264,datasets/UCF-Crime_audio\Assault\Assault052_x264.wav,Assault,1
Burglary001_x264,datasets/UCF-Crime_frames_16\Burglary\Burglary001_x264,datasets/UCF-Crime_audio\Burglary\Burglary001_x264.wav,Burglary,1
Burglary002_x264,datasets/UCF-Crime_frames_16\Burglary\Burglary002_x264,datasets/UCF-Crime_audio\Burglary\Burglary002_x264.wav,Burglary,1
Burglary003_x264,datasets/UCF-Crime_frames_16\Burglary\Burglary003_x264,datasets/UCF-Crime_audio\Burglary\Burglary003_x264.wav,Burglary,1
Burglary004_x264,datasets/UCF-Crime_frames_16\Burglary\Burglary004_x264,datasets/UCF-Crime_audio\Burglary\Burglary004_x264.wav,Burglary,1
Burglary005_x264,datasets/UCF-Crime_frames_16\Burglary\Burglary005_x264,datasets/UCF-Crime_audio\Burglary\Burglary005_x264.wav,Burglary,1
Burglary006_x264,datasets/UCF-Crime_frames_16\Burglary\Burglary006_x264,datasets/UCF-Crime_audio\Burglary\Burglary006_x264.wav,Burglary,1
Burglary007_x264,datasets/UCF-Crime_frames_16\Burglary\Burglary007_x264,datasets/UCF-Crime_audio\Burglary\Burglary007_x264.wav,Burglary,1
Burglary008_x264,datasets/UCF-Crime_frames_16\Burglary\Burglary008_x264,datasets/UCF-Crime_audio\Burglary\Burglary008_x264.wav,Burglary,1
Burglary009_x264,datasets/UCF-Crime_frames_16\Burglary\Burglary009_x264,datasets/UCF-Crime_audio\Burglary\Burglary009_x264.wav,Burglary,1
Burglary010_x264,datasets/UCF-Crime_frames_16\Burglary\Burglary010_x264,,Burglary,0
Burglary011_x264,datasets/UCF-Crime_frames_16\Burglary\Burglary011_x264,,Burglary,0
Burglary012_x264,datasets/UCF-Crime_frames_16\Burglary\Burglary012_x264,,Burglary,0
Burglary013_x264,datasets/UCF-Crime_frames_16\Burglary\Burglary013_x264,,Burglary,0
Burglary014_x264,datasets/UCF-Crime_frames_16\Burglary\Burglary014_x264,,Burglary,0
Burglary015_x264,datasets/UCF-Crime_frames_16\Burglary\Burglary015_x264,,Burglary,0
Burglary016_x264,datasets/UCF-Crime_frames_16\Burglary\Burglary016_x264,,Burglary,0
Burglary017_x264,datasets/UCF-Crime_frames_16\Burglary\Burglary017_x264,datasets/UCF-Crime_audio\Burglary\Burglary017_x264.wav,Burglary,1
Burglary018_x264,datasets/UCF-Crime_frames_16\Burglary\Burglary018_x264,datasets/UCF-Crime_audio\Burglary\Burglary018_x264.wav,Burglary,1
Burglary019_x264,datasets/UCF-Crime_frames_16\Burglary\Burglary019_x264,datasets/UCF-Crime_audio\Burglary\Burglary019_x264.wav,Burglary,1
Burglary020_x264,datasets/UCF-Crime_frames_16\Burglary\Burglary020_x264,datasets/UCF-Crime_audio\Burglary\Burglary020_x264.wav,Burglary,1
Burglary021_x264,datasets/UCF-Crime_frames_16\Burglary\Burglary021_x264,datasets/UCF-Crime_audio\Burglary\Burglary021_x264.wav,Burglary,1
Burglary022_x264,datasets/UCF-Crime_frames_16\Burglary\Burglary022_x264,datasets/UCF-Crime_audio\Burglary\Burglary022_x264.wav,Burglary,1
Burglary023_x264,datasets/UCF-Crime_frames_16\Burglary\Burglary023_x264,datasets/UCF-Crime_audio\Burglary\Burglary023_x264.wav,Burglary,1
Burglary024_x264,datasets/UCF-Crime_frames_16\Burglary\Burglary024_x264,datasets/UCF-Crime_audio\Burglary\Burglary024_x264.wav,Burglary,1
Burglary025_x264,datasets/UCF-Crime_frames_16\Burglary\Burglary025_x264,datasets/UCF-Crime_audio\Burglary\Burglary025_x264.wav,Burglary,1
Burglary026_x264,datasets/UCF-Crime_frames_16\Burglary\Burglary026_x264,datasets/UCF-Crime_audio\Burglary\Burglary026_x264.wav,Burglary,1
Burglary027_x264,datasets/UCF-Crime_frames_16\Burglary\Burglary027_x264,datasets/UCF-Crime_audio\Burglary\Burglary027_x264.wav,Burglary,1
Burglary028_x264,datasets/UCF-Crime_frames_16\Burglary\Burglary028_x264,datasets/UCF-Crime_audio\Burglary\Burglary028_x264.wav,Burglary,1
Burglary029_x264,datasets/UCF-Crime_frames_16\Burglary\Burglary029_x264,datasets/UCF-Crime_audio\Burglary\Burglary029_x264.wav,Burglary,1
Burglary030_x264,datasets/UCF-Crime_frames_16\Burglary\Burglary030_x264,datasets/UCF-Crime_audio\Burglary\Burglary030_x264.wav,Burglary,1
Burglary031_x264,datasets/UCF-Crime_frames_16\Burglary\Burglary031_x264,datasets/UCF-Crime_audio\Burglary\Burglary031_x264.wav,Burglary,1
Burglary032_x264,datasets/UCF-Crime_frames_16\Burglary\Burglary032_x264,datasets/UCF-Crime_audio\Burglary\Burglary032_x264.wav,Burglary,1
Burglary033_x264,datasets/UCF-Crime_frames_16\Burglary\Burglary033_x264,datasets/UCF-Crime_audio\Burglary\Burglary033_x264.wav,Burglary,1
Burglary034_x264,datasets/UCF-Crime_frames_16\Burglary\Burglary034_x264,datasets/UCF-Crime_audio\Burglary\Burglary034_x264.wav,Burglary,1
Burglary035_x264,datasets/UCF-Crime_frames_16\Burglary\Burglary035_x264,datasets/UCF-Crime_audio\Burglary\Burglary035_x264.wav,Burglary,1
Burglary036_x264,datasets/UCF-Crime_frames_16\Burglary\Burglary036_x264,datasets/UCF-Crime_audio\Burglary\Burglary036_x264.wav,Burglary,1
Burglary037_x264,datasets/UCF-Crime_frames_16\Burglary\Burglary037_x264,datasets/UCF-Crime_audio\Burglary\Burglary037_x264.wav,Burglary,1
Burglary038_x264,datasets/UCF-Crime_frames_16\Burglary\Burglary038_x264,datasets/UCF-Crime_audio\Burglary\Burglary038_x264.wav,Burglary,1
Burglary039_x264,datasets/UCF-Crime_frames_16\Burglary\Burglary039_x264,datasets/UCF-Crime_audio\Burglary\Burglary039_x264.wav,Burglary,1
Burglary040_x264,datasets/UCF-Crime_frames_16\Burglary\Burglary040_x264,datasets/UCF-Crime_audio\Burglary\Burglary040_x264.wav,Burglary,1
Burglary041_x264,datasets/UCF-Crime_frames_16\Burglary\Burglary041_x264,datasets/UCF-Crime_audio\Burglary\Burglary041_x264.wav,Burglary,1
Burglary042_x264,datasets/UCF-Crime_frames_16\Burglary\Burglary042_x264,datasets/UCF-Crime_audio\Burglary\Burglary042_x264.wav,Burglary,1
Burglary043_x264,datasets/UCF-Crime_frames_16\Burglary\Burglary043_x264,datasets/UCF-Crime_audio\Burglary\Burglary043_x264.wav,Burglary,1
Burglary044_x264,datasets/UCF-Crime_frames_16\Burglary\Burglary044_x264,datasets/UCF-Crime_audio\Burglary\Burglary044_x264.wav,Burglary,1
Burglary045_x264,datasets/UCF-Crime_frames_16\Burglary\Burglary045_x264,datasets/UCF-Crime_audio\Burglary\Burglary045_x264.wav,Burglary,1
Burglary046_x264,datasets/UCF-Crime_frames_16\Burglary\Burglary046_x264,datasets/UCF-Crime_audio\Burglary\Burglary046_x264.wav,Burglary,1
Burglary047_x264,datasets/UCF-Crime_frames_16\Burglary\Burglary047_x264,datasets/UCF-Crime_audio\Burglary\Burglary047_x264.wav,Burglary,1
Burglary048_x264,datasets/UCF-Crime_frames_16\Burglary\Burglary048_x264,datasets/UCF-Crime_audio\Burglary\Burglary048_x264.wav,Burglary,1
Burglary049_x264,datasets/UCF-Crime_frames_16\Burglary\Burglary049_x264,datasets/UCF-Crime_audio\Burglary\Burglary049_x264.wav,Burglary,1
Burglary050_x264,datasets/UCF-Crime_frames_16\Burglary\Burglary050_x264,datasets/UCF-Crime_audio\Burglary\Burglary050_x264.wav,Burglary,1
Burglary051_x264,datasets/UCF-Crime_frames_16\Burglary\Burglary051_x264,datasets/UCF-Crime_audio\Burglary\Burglary051_x264.wav,Burglary,1
Burglary052_x264,datasets/UCF-Crime_frames_16\Burglary\Burglary052_x264,datasets/UCF-Crime_audio\Burglary\Burglary052_x264.wav,Burglary,1
Burglary053_x264,datasets/UCF-Crime_frames_16\Burglary\Burglary053_x264,datasets/UCF-Crime_audio\Burglary\Burglary053_x264.wav,Burglary,1
Burglary054_x264,datasets/UCF-Crime_frames_16\Burglary\Burglary054_x264,datasets/UCF-Crime_audio\Burglary\Burglary054_x264.wav,Burglary,1
Burglary055_x264,datasets/UCF-Crime_frames_16\Burglary\Burglary055_x264,datasets/UCF-Crime_audio\Burglary\Burglary055_x264.wav,Burglary,1
Burglary056_x264,datasets/UCF-Crime_frames_16\Burglary\Burglary056_x264,datasets/UCF-Crime_audio\Burglary\Burglary056_x264.wav,Burglary,1
Burglary057_x264,datasets/UCF-Crime_frames_16\Burglary\Burglary057_x264,datasets/UCF-Crime_audio\Burglary\Burglary057_x264.wav,Burglary,1
Burglary058_x264,datasets/UCF-Crime_frames_16\Burglary\Burglary058_x264,datasets/UCF-Crime_audio\Burglary\Burglary058_x264.wav,Burglary,1
Burglary059_x264,datasets/UCF-Crime_frames_16\Burglary\Burglary059_x264,datasets/UCF-Crime_audio\Burglary\Burglary059_x264.wav,Burglary,1
Burglary060_x264,datasets/UCF-Crime_frames_16\Burglary\Burglary060_x264,datasets/UCF-Crime_audio\Burglary\Burglary060_x264.wav,Burglary,1
Burglary061_x264,datasets/UCF-Crime_frames_16\Burglary\Burglary061_x264,datasets/UCF-Crime_audio\Burglary\Burglary061_x264.wav,Burglary,1
Burglary062_x264,datasets/UCF-Crime_frames_16\Burglary\Burglary062_x264,datasets/UCF-Crime_audio\Burglary\Burglary062_x264.wav,Burglary,1
Burglary063_x264,datasets/UCF-Crime_frames_16\Burglary\Burglary063_x264,datasets/UCF-Crime_audio\Burglary\Burglary063_x264.wav,Burglary,1
Burglary064_x264,datasets/UCF-Crime_frames_16\Burglary\Burglary064_x264,datasets/UCF-Crime_audio\Burglary\Burglary064_x264.wav,Burglary,1
Burglary065_x264,datasets/UCF-Crime_frames_16\Burglary\Burglary065_x264,datasets/UCF-Crime_audio\Burglary\Burglary065_x264.wav,Burglary,1
Burglary066_x264,datasets/UCF-Crime_frames_16\Burglary\Burglary066_x264,datasets/UCF-Crime_audio\Burglary\Burglary066_x264.wav,Burglary,1
Burglary067_x264,datasets/UCF-Crime_frames_16\Burglary\Burglary067_x264,datasets/UCF-Crime_audio\Burglary\Burglary067_x264.wav,Burglary,1
Burglary068_x264,datasets/UCF-Crime_frames_16\Burglary\Burglary068_x264,datasets/UCF-Crime_audio\Burglary\Burglary068_x264.wav,Burglary,1
Burglary069_x264,datasets/UCF-Crime_frames_16\Burglary\Burglary069_x264,datasets/UCF-Crime_audio\Burglary\Burglary069_x264.wav,Burglary,1
Burglary070_x264,datasets/UCF-Crime_frames_16\Burglary\Burglary070_x264,datasets/UCF-Crime_audio\Burglary\Burglary070_x264.wav,Burglary,1
Burglary071_x264,datasets/UCF-Crime_frames_16\Burglary\Burglary071_x264,datasets/UCF-Crime_audio\Burglary\Burglary071_x264.wav,Burglary,1
Burglary072_x264,datasets/UCF-Crime_frames_16\Burglary\Burglary072_x264,datasets/UCF-Crime_audio\Burglary\Burglary072_x264.wav,Burglary,1
Burglary073_x264,datasets/UCF-Crime_frames_16\Burglary\Burglary073_x264,datasets/UCF-Crime_audio\Burglary\Burglary073_x264.wav,Burglary,1
Burglary074_x264,datasets/UCF-Crime_frames_16\Burglary\Burglary074_x264,datasets/UCF-Crime_audio\Burglary\Burglary074_x264.wav,Burglary,1
Burglary075_x264,datasets/UCF-Crime_frames_16\Burglary\Burglary075_x264,datasets/UCF-Crime_audio\Burglary\Burglary075_x264.wav,Burglary,1
Burglary076_x264,datasets/UCF-Crime_frames_16\Burglary\Burglary076_x264,datasets/UCF-Crime_audio\Burglary\Burglary076_x264.wav,Burglary,1
Burglary077_x264,datasets/UCF-Crime_frames_16\Burglary\Burglary077_x264,datasets/UCF-Crime_audio\Burglary\Burglary077_x264.wav,Burglary,1
Burglary078_x264,datasets/UCF-Crime_frames_16\Burglary\Burglary078_x264,datasets/UCF-Crime_audio\Burglary\Burglary078_x264.wav,Burglary,1
Burglary079_x264,datasets/UCF-Crime_frames_16\Burglary\Burglary079_x264,datasets/UCF-Crime_audio\Burglary\Burglary079_x264.wav,Burglary,1
Burglary080_x264,datasets/UCF-Crime_frames_16\Burglary\Burglary080_x264,datasets/UCF-Crime_audio\Burglary\Burglary080_x264.wav,Burglary,1
Burglary081_x264,datasets/UCF-Crime_frames_16\Burglary\Burglary081_x264,datasets/UCF-Crime_audio\Burglary\Burglary081_x264.wav,Burglary,1
Burglary082_x264,datasets/UCF-Crime_frames_16\Burglary\Burglary082_x264,datasets/UCF-Crime_audio\Burglary\Burglary082_x264.wav,Burglary,1
Burglary083_x264,datasets/UCF-Crime_frames_16\Burglary\Burglary083_x264,datasets/UCF-Crime_audio\Burglary\Burglary083_x264.wav,Burglary,1
Burglary084_x264,datasets/UCF-Crime_frames_16\Burglary\Burglary084_x264,datasets/UCF-Crime_audio\Burglary\Burglary084_x264.wav,Burglary,1
Burglary085_x264,datasets/UCF-Crime_frames_16\Burglary\Burglary085_x264,datasets/UCF-Crime_audio\Burglary\Burglary085_x264.wav,Burglary,1
Burglary086_x264,datasets/UCF-Crime_frames_16\Burglary\Burglary086_x264,datasets/UCF-Crime_audio\Burglary\Burglary086_x264.wav,Burglary,1
Burglary087_x264,datasets/UCF-Crime_frames_16\Burglary\Burglary087_x264,datasets/UCF-Crime_audio\Burglary\Burglary087_x264.wav,Burglary,1
Burglary088_x264,datasets/UCF-Crime_frames_16\Burglary\Burglary088_x264,datasets/UCF-Crime_audio\Burglary\Burglary088_x264.wav,Burglary,1
Burglary089_x264,datasets/UCF-Crime_frames_16\Burglary\Burglary089_x264,datasets/UCF-Crime_audio\Burglary\Burglary089_x264.wav,Burglary,1
Burglary090_x264,datasets/UCF-Crime_frames_16\Burglary\Burglary090_x264,datasets/UCF-Crime_audio\Burglary\Burglary090_x264.wav,Burglary,1
Burglary091_x264,datasets/UCF-Crime_frames_16\Burglary\Burglary091_x264,datasets/UCF-Crime_audio\Burglary\Burglary091_x264.wav,Burglary,1
Burglary092_x264,datasets/UCF-Crime_frames_16\Burglary\Burglary092_x264,datasets/UCF-Crime_audio\Burglary\Burglary092_x264.wav,Burglary,1
Burglary093_x264,datasets/UCF-Crime_frames_16\Burglary\Burglary093_x264,datasets/UCF-Crime_audio\Burglary\Burglary093_x264.wav,Burglary,1
Burglary094_x264,datasets/UCF-Crime_frames_16\Burglary\Burglary094_x264,datasets/UCF-Crime_audio\Burglary\Burglary094_x264.wav,Burglary,1
Burglary095_x264,datasets/UCF-Crime_frames_16\Burglary\Burglary095_x264,datasets/UCF-Crime_audio\Burglary\Burglary095_x264.wav,Burglary,1
Burglary096_x264,datasets/UCF-Crime_frames_16\Burglary\Burglary096_x264,datasets/UCF-Crime_audio\Burglary\Burglary096_x264.wav,Burglary,1
Burglary097_x264,datasets/UCF-Crime_frames_16\Burglary\Burglary097_x264,datasets/UCF-Crime_audio\Burglary\Burglary097_x264.wav,Burglary,1
Burglary098_x264,datasets/UCF-Crime_frames_16\Burglary\Burglary098_x264,datasets/UCF-Crime_audio\Burglary\Burglary098_x264.wav,Burglary,1
Burglary099_x264,datasets/UCF-Crime_frames_16\Burglary\Burglary099_x264,datasets/UCF-Crime_audio\Burglary\Burglary099_x264.wav,Burglary,1
Burglary100_x264,datasets/UCF-Crime_frames_16\Burglary\Burglary100_x264,datasets/UCF-Crime_audio\Burglary\Burglary100_x264.wav,Burglary,1
Explosion001_x264,datasets/UCF-Crime_frames_16\Explosion\Explosion001_x264,datasets/UCF-Crime_audio\Explosion\Explosion001_x264.wav,Explosion,1
Explosion002_x264,datasets/UCF-Crime_frames_16\Explosion\Explosion002_x264,datasets/UCF-Crime_audio\Explosion\Explosion002_x264.wav,Explosion,1
Explosion003_x264,datasets/UCF-Crime_frames_16\Explosion\Explosion003_x264,,Explosion,0
Explosion004_x264,datasets/UCF-Crime_frames_16\Explosion\Explosion004_x264,datasets/UCF-Crime_audio\Explosion\Explosion004_x264.wav,Explosion,1
Explosion005_x264,datasets/UCF-Crime_frames_16\Explosion\Explosion005_x264,datasets/UCF-Crime_audio\Explosion\Explosion005_x264.wav,Explosion,1
Explosion006_x264,datasets/UCF-Crime_frames_16\Explosion\Explosion006_x264,datasets/UCF-Crime_audio\Explosion\Explosion006_x264.wav,Explosion,1
Explosion007_x264,datasets/UCF-Crime_frames_16\Explosion\Explosion007_x264,datasets/UCF-Crime_audio\Explosion\Explosion007_x264.wav,Explosion,1
Explosion008_x264,datasets/UCF-Crime_frames_16\Explosion\Explosion008_x264,datasets/UCF-Crime_audio\Explosion\Explosion008_x264.wav,Explosion,1
Explosion009_x264,datasets/UCF-Crime_frames_16\Explosion\Explosion009_x264,datasets/UCF-Crime_audio\Explosion\Explosion009_x264.wav,Explosion,1
Explosion010_x264,datasets/UCF-Crime_frames_16\Explosion\Explosion010_x264,datasets/UCF-Crime_audio\Explosion\Explosion010_x264.wav,Explosion,1
Explosion011_x264,datasets/UCF-Crime_frames_16\Explosion\Explosion011_x264,datasets/UCF-Crime_audio\Explosion\Explosion011_x264.wav,Explosion,1
Explosion012_x264,datasets/UCF-Crime_frames_16\Explosion\Explosion012_x264,datasets/UCF-Crime_audio\Explosion\Explosion012_x264.wav,Explosion,1
Explosion013_x264,datasets/UCF-Crime_frames_16\Explosion\Explosion013_x264,datasets/UCF-Crime_audio\Explosion\Explosion013_x264.wav,Explosion,1
Explosion014_x264,datasets/UCF-Crime_frames_16\Explosion\Explosion014_x264,datasets/UCF-Crime_audio\Explosion\Explosion014_x264.wav,Explosion,1
Explosion015_x264,datasets/UCF-Crime_frames_16\Explosion\Explosion015_x264,datasets/UCF-Crime_audio\Explosion\Explosion015_x264.wav,Explosion,1
Explosion016_x264,datasets/UCF-Crime_frames_16\Explosion\Explosion016_x264,datasets/UCF-Crime_audio\Explosion\Explosion016_x264.wav,Explosion,1
Explosion017_x264,datasets/UCF-Crime_frames_16\Explosion\Explosion017_x264,datasets/UCF-Crime_audio\Explosion\Explosion017_x264.wav,Explosion,1
Explosion018_x264,datasets/UCF-Crime_frames_16\Explosion\Explosion018_x264,datasets/UCF-Crime_audio\Explosion\Explosion018_x264.wav,Explosion,1
Explosion019_x264,datasets/UCF-Crime_frames_16\Explosion\Explosion019_x264,datasets/UCF-Crime_audio\Explosion\Explosion019_x264.wav,Explosion,1
Explosion020_x264,datasets/UCF-Crime_frames_16\Explosion\Explosion020_x264,datasets/UCF-Crime_audio\Explosion\Explosion020_x264.wav,Explosion,1
Explosion021_x264,datasets/UCF-Crime_frames_16\Explosion\Explosion021_x264,datasets/UCF-Crime_audio\Explosion\Explosion021_x264.wav,Explosion,1
Explosion022_x264,datasets/UCF-Crime_frames_16\Explosion\Explosion022_x264,datasets/UCF-Crime_audio\Explosion\Explosion022_x264.wav,Explosion,1
Explosion023_x264,datasets/UCF-Crime_frames_16\Explosion\Explosion023_x264,datasets/UCF-Crime_audio\Explosion\Explosion023_x264.wav,Explosion,1
Explosion024_x264,datasets/UCF-Crime_frames_16\Explosion\Explosion024_x264,datasets/UCF-Crime_audio\Explosion\Explosion024_x264.wav,Explosion,1
Explosion025_x264,datasets/UCF-Crime_frames_16\Explosion\Explosion025_x264,datasets/UCF-Crime_audio\Explosion\Explosion025_x264.wav,Explosion,1
Explosion026_x264,datasets/UCF-Crime_frames_16\Explosion\Explosion026_x264,datasets/UCF-Crime_audio\Explosion\Explosion026_x264.wav,Explosion,1
Explosion027_x264,datasets/UCF-Crime_frames_16\Explosion\Explosion027_x264,datasets/UCF-Crime_audio\Explosion\Explosion027_x264.wav,Explosion,1
Explosion028_x264,datasets/UCF-Crime_frames_16\Explosion\Explosion028_x264,datasets/UCF-Crime_audio\Explosion\Explosion028_x264.wav,Explosion,1
Explosion029_x264,datasets/UCF-Crime_frames_16\Explosion\Explosion029_x264,datasets/UCF-Crime_audio\Explosion\Explosion029_x264.wav,Explosion,1
Explosion030_x264,datasets/UCF-Crime_frames_16\Explosion\Explosion030_x264,datasets/UCF-Crime_audio\Explosion\Explosion030_x264.wav,Explosion,1
Explosion032_x264,datasets/UCF-Crime_frames_16\Explosion\Explosion032_x264,datasets/UCF-Crime_audio\Explosion\Explosion032_x264.wav,Explosion,1
Explosion033_x264,datasets/UCF-Crime_frames_16\Explosion\Explosion033_x264,datasets/UCF-Crime_audio\Explosion\Explosion033_x264.wav,Explosion,1
Explosion034_x264,datasets/UCF-Crime_frames_16\Explosion\Explosion034_x264,datasets/UCF-Crime_audio\Explosion\Explosion034_x264.wav,Explosion,1
Explosion035_x264,datasets/UCF-Crime_frames_16\Explosion\Explosion035_x264,datasets/UCF-Crime_audio\Explosion\Explosion035_x264.wav,Explosion,1
Explosion036_x264,datasets/UCF-Crime_frames_16\Explosion\Explosion036_x264,datasets/UCF-Crime_audio\Explosion\Explosion036_x264.wav,Explosion,1
Explosion037_x264,datasets/UCF-Crime_frames_16\Explosion\Explosion037_x264,datasets/UCF-Crime_audio\Explosion\Explosion037_x264.wav,Explosion,1
Explosion038_x264,datasets/UCF-Crime_frames_16\Explosion\Explosion038_x264,datasets/UCF-Crime_audio\Explosion\Explosion038_x264.wav,Explosion,1
Explosion039_x264,datasets/UCF-Crime_frames_16\Explosion\Explosion039_x264,datasets/UCF-Crime_audio\Explosion\Explosion039_x264.wav,Explosion,1
Explosion040_x264,datasets/UCF-Crime_frames_16\Explosion\Explosion040_x264,datasets/UCF-Crime_audio\Explosion\Explosion040_x264.wav,Explosion,1
Explosion041_x264,datasets/UCF-Crime_frames_16\Explosion\Explosion041_x264,datasets/UCF-Crime_audio\Explosion\Explosion041_x264.wav,Explosion,1
Explosion042_x264,datasets/UCF-Crime_frames_16\Explosion\Explosion042_x264,datasets/UCF-Crime_audio\Explosion\Explosion042_x264.wav,Explosion,1
Explosion043_x264,datasets/UCF-Crime_frames_16\Explosion\Explosion043_x264,datasets/UCF-Crime_audio\Explosion\Explosion043_x264.wav,Explosion,1
Explosion044_x264,datasets/UCF-Crime_frames_16\Explosion\Explosion044_x264,datasets/UCF-Crime_audio\Explosion\Explosion044_x264.wav,Explosion,1
Explosion045_x264,datasets/UCF-Crime_frames_16\Explosion\Explosion045_x264,datasets/UCF-Crime_audio\Explosion\Explosion045_x264.wav,Explosion,1
Explosion046_x264,datasets/UCF-Crime_frames_16\Explosion\Explosion046_x264,datasets/UCF-Crime_audio\Explosion\Explosion046_x264.wav,Explosion,1
Explosion047_x264,datasets/UCF-Crime_frames_16\Explosion\Explosion047_x264,datasets/UCF-Crime_audio\Explosion\Explosion047_x264.wav,Explosion,1
Explosion048_x264,datasets/UCF-Crime_frames_16\Explosion\Explosion048_x264,datasets/UCF-Crime_audio\Explosion\Explosion048_x264.wav,Explosion,1
Explosion050_x264,datasets/UCF-Crime_frames_16\Explosion\Explosion050_x264,datasets/UCF-Crime_audio\Explosion\Explosion050_x264.wav,Explosion,1
Explosion051_x264,datasets/UCF-Crime_frames_16\Explosion\Explosion051_x264,datasets/UCF-Crime_audio\Explosion\Explosion051_x264.wav,Explosion,1
Explosion052_x264,datasets/UCF-Crime_frames_16\Explosion\Explosion052_x264,datasets/UCF-Crime_audio\Explosion\Explosion052_x264.wav,Explosion,1
Fighting002_x264,datasets/UCF-Crime_frames_16\Fighting\Fighting002_x264,datasets/UCF-Crime_audio\Fighting\Fighting002_x264.wav,Fighting,1
Fighting003_x264,datasets/UCF-Crime_frames_16\Fighting\Fighting003_x264,datasets/UCF-Crime_audio\Fighting\Fighting003_x264.wav,Fighting,1
Fighting004_x264,datasets/UCF-Crime_frames_16\Fighting\Fighting004_x264,datasets/UCF-Crime_audio\Fighting\Fighting004_x264.wav,Fighting,1
Fighting005_x264,datasets/UCF-Crime_frames_16\Fighting\Fighting005_x264,,Fighting,0
Fighting006_x264,datasets/UCF-Crime_frames_16\Fighting\Fighting006_x264,,Fighting,0
Fighting007_x264,datasets/UCF-Crime_frames_16\Fighting\Fighting007_x264,,Fighting,0
Fighting008_x264,datasets/UCF-Crime_frames_16\Fighting\Fighting008_x264,,Fighting,0
Fighting009_x264,datasets/UCF-Crime_frames_16\Fighting\Fighting009_x264,,Fighting,0
Fighting010_x264,datasets/UCF-Crime_frames_16\Fighting\Fighting010_x264,,Fighting,0
Fighting011_x264,datasets/UCF-Crime_frames_16\Fighting\Fighting011_x264,,Fighting,0
Fighting012_x264,datasets/UCF-Crime_frames_16\Fighting\Fighting012_x264,,Fighting,0
Fighting013_x264,datasets/UCF-Crime_frames_16\Fighting\Fighting013_x264,,Fighting,0
Fighting014_x264,datasets/UCF-Crime_frames_16\Fighting\Fighting014_x264,datasets/UCF-Crime_audio\Fighting\Fighting014_x264.wav,Fighting,1
Fighting015_x264,datasets/UCF-Crime_frames_16\Fighting\Fighting015_x264,datasets/UCF-Crime_audio\Fighting\Fighting015_x264.wav,Fighting,1
Fighting016_x264,datasets/UCF-Crime_frames_16\Fighting\Fighting016_x264,datasets/UCF-Crime_audio\Fighting\Fighting016_x264.wav,Fighting,1
Fighting017_x264,datasets/UCF-Crime_frames_16\Fighting\Fighting017_x264,datasets/UCF-Crime_audio\Fighting\Fighting017_x264.wav,Fighting,1
Fighting018_x264,datasets/UCF-Crime_frames_16\Fighting\Fighting018_x264,datasets/UCF-Crime_audio\Fighting\Fighting018_x264.wav,Fighting,1
Fighting019_x264,datasets/UCF-Crime_frames_16\Fighting\Fighting019_x264,datasets/UCF-Crime_audio\Fighting\Fighting019_x264.wav,Fighting,1
Fighting020_x264,datasets/UCF-Crime_frames_16\Fighting\Fighting020_x264,datasets/UCF-Crime_audio\Fighting\Fighting020_x264.wav,Fighting,1
Fighting021_x264,datasets/UCF-Crime_frames_16\Fighting\Fighting021_x264,datasets/UCF-Crime_audio\Fighting\Fighting021_x264.wav,Fighting,1
Fighting022_x264,datasets/UCF-Crime_frames_16\Fighting\Fighting022_x264,datasets/UCF-Crime_audio\Fighting\Fighting022_x264.wav,Fighting,1
Fighting023_x264,datasets/UCF-Crime_frames_16\Fighting\Fighting023_x264,datasets/UCF-Crime_audio\Fighting\Fighting023_x264.wav,Fighting,1
Fighting024_x264,datasets/UCF-Crime_frames_16\Fighting\Fighting024_x264,datasets/UCF-Crime_audio\Fighting\Fighting024_x264.wav,Fighting,1
Fighting025_x264,datasets/UCF-Crime_frames_16\Fighting\Fighting025_x264,datasets/UCF-Crime_audio\Fighting\Fighting025_x264.wav,Fighting,1
Fighting026_x264,datasets/UCF-Crime_frames_16\Fighting\Fighting026_x264,datasets/UCF-Crime_audio\Fighting\Fighting026_x264.wav,Fighting,1
Fighting027_x264,datasets/UCF-Crime_frames_16\Fighting\Fighting027_x264,datasets/UCF-Crime_audio\Fighting\Fighting027_x264.wav,Fighting,1
Fighting028_x264,datasets/UCF-Crime_frames_16\Fighting\Fighting028_x264,datasets/UCF-Crime_audio\Fighting\Fighting028_x264.wav,Fighting,1
Fighting029_x264,datasets/UCF-Crime_frames_16\Fighting\Fighting029_x264,datasets/UCF-Crime_audio\Fighting\Fighting029_x264.wav,Fighting,1
Fighting030_x264,datasets/UCF-Crime_frames_16\Fighting\Fighting030_x264,datasets/UCF-Crime_audio\Fighting\Fighting030_x264.wav,Fighting,1
Fighting031_x264,datasets/UCF-Crime_frames_16\Fighting\Fighting031_x264,datasets/UCF-Crime_audio\Fighting\Fighting031_x264.wav,Fighting,1
Fighting032_x264,datasets/UCF-Crime_frames_16\Fighting\Fighting032_x264,datasets/UCF-Crime_audio\Fighting\Fighting032_x264.wav,Fighting,1
Fighting033_x264,datasets/UCF-Crime_frames_16\Fighting\Fighting033_x264,datasets/UCF-Crime_audio\Fighting\Fighting033_x264.wav,Fighting,1
Fighting034_x264,datasets/UCF-Crime_frames_16\Fighting\Fighting034_x264,datasets/UCF-Crime_audio\Fighting\Fighting034_x264.wav,Fighting,1
Fighting035_x264,datasets/UCF-Crime_frames_16\Fighting\Fighting035_x264,datasets/UCF-Crime_audio\Fighting\Fighting035_x264.wav,Fighting,1
Fighting036_x264,datasets/UCF-Crime_frames_16\Fighting\Fighting036_x264,datasets/UCF-Crime_audio\Fighting\Fighting036_x264.wav,Fighting,1
Fighting037_x264,datasets/UCF-Crime_frames_16\Fighting\Fighting037_x264,datasets/UCF-Crime_audio\Fighting\Fighting037_x264.wav,Fighting,1
Fighting038_x264,datasets/UCF-Crime_frames_16\Fighting\Fighting038_x264,datasets/UCF-Crime_audio\Fighting\Fighting038_x264.wav,Fighting,1
Fighting039_x264,datasets/UCF-Crime_frames_16\Fighting\Fighting039_x264,datasets/UCF-Crime_audio\Fighting\Fighting039_x264.wav,Fighting,1
Fighting040_x264,datasets/UCF-Crime_frames_16\Fighting\Fighting040_x264,datasets/UCF-Crime_audio\Fighting\Fighting040_x264.wav,Fighting,1
Fighting041_x264,datasets/UCF-Crime_frames_16\Fighting\Fighting041_x264,datasets/UCF-Crime_audio\Fighting\Fighting041_x264.wav,Fighting,1
Fighting042_x264,datasets/UCF-Crime_frames_16\Fighting\Fighting042_x264,datasets/UCF-Crime_audio\Fighting\Fighting042_x264.wav,Fighting,1
Fighting043_x264,datasets/UCF-Crime_frames_16\Fighting\Fighting043_x264,datasets/UCF-Crime_audio\Fighting\Fighting043_x264.wav,Fighting,1
Fighting044_x264,datasets/UCF-Crime_frames_16\Fighting\Fighting044_x264,datasets/UCF-Crime_audio\Fighting\Fighting044_x264.wav,Fighting,1
Fighting045_x264,datasets/UCF-Crime_frames_16\Fighting\Fighting045_x264,,Fighting,0
Fighting046_x264,datasets/UCF-Crime_frames_16\Fighting\Fighting046_x264,datasets/UCF-Crime_audio\Fighting\Fighting046_x264.wav,Fighting,1
Fighting047_x264,datasets/UCF-Crime_frames_16\Fighting\Fighting047_x264,datasets/UCF-Crime_audio\Fighting\Fighting047_x264.wav,Fighting,1
Fighting048_x264,datasets/UCF-Crime_frames_16\Fighting\Fighting048_x264,datasets/UCF-Crime_audio\Fighting\Fighting048_x264.wav,Fighting,1
Fighting049_x264,datasets/UCF-Crime_frames_16\Fighting\Fighting049_x264,datasets/UCF-Crime_audio\Fighting\Fighting049_x264.wav,Fighting,1
Fighting050_x264,datasets/UCF-Crime_frames_16\Fighting\Fighting050_x264,datasets/UCF-Crime_audio\Fighting\Fighting050_x264.wav,Fighting,1
Fighting051_x264,datasets/UCF-Crime_frames_16\Fighting\Fighting051_x264,,Fighting,0
Normal_Videos_015_x264,datasets/UCF-Crime_frames_16\Normal\Normal_Videos_015_x264,datasets/UCF-Crime_audio\Normal\Normal_Videos_015_x264.wav,Normal,1
Normal_Videos_050_x264,datasets/UCF-Crime_frames_16\Normal\Normal_Videos_050_x264,datasets/UCF-Crime_audio\Normal\Normal_Videos_050_x264.wav,Normal,1
Normal_Videos_100_x264,datasets/UCF-Crime_frames_16\Normal\Normal_Videos_100_x264,datasets/UCF-Crime_audio\Normal\Normal_Videos_100_x264.wav,Normal,1
Normal_Videos_129_x264,datasets/UCF-Crime_frames_16\Normal\Normal_Videos_129_x264,datasets/UCF-Crime_audio\Normal\Normal_Videos_129_x264.wav,Normal,1
Normal_Videos_150_x264,datasets/UCF-Crime_frames_16\Normal\Normal_Videos_150_x264,datasets/UCF-Crime_audio\Normal\Normal_Videos_150_x264.wav,Normal,1
Normal_Videos_246_x264,datasets/UCF-Crime_frames_16\Normal\Normal_Videos_246_x264,datasets/UCF-Crime_audio\Normal\Normal_Videos_246_x264.wav,Normal,1
Normal_Videos_247_x264,datasets/UCF-Crime_frames_16\Normal\Normal_Videos_247_x264,datasets/UCF-Crime_audio\Normal\Normal_Videos_247_x264.wav,Normal,1
Normal_Videos_248_x264,datasets/UCF-Crime_frames_16\Normal\Normal_Videos_248_x264,datasets/UCF-Crime_audio\Normal\Normal_Videos_248_x264.wav,Normal,1
Normal_Videos_251_x264,datasets/UCF-Crime_frames_16\Normal\Normal_Videos_251_x264,datasets/UCF-Crime_audio\Normal\Normal_Videos_251_x264.wav,Normal,1
Normal_Videos_289_x264,datasets/UCF-Crime_frames_16\Normal\Normal_Videos_289_x264,datasets/UCF-Crime_audio\Normal\Normal_Videos_289_x264.wav,Normal,1
Normal_Videos_310_x264,datasets/UCF-Crime_frames_16\Normal\Normal_Videos_310_x264,datasets/UCF-Crime_audio\Normal\Normal_Videos_310_x264.wav,Normal,1
Normal_Videos_312_x264,datasets/UCF-Crime_frames_16\Normal\Normal_Videos_312_x264,datasets/UCF-Crime_audio\Normal\Normal_Videos_312_x264.wav,Normal,1
Normal_Videos_317_x264,datasets/UCF-Crime_frames_16\Normal\Normal_Videos_317_x264,datasets/UCF-Crime_audio\Normal\Normal_Videos_317_x264.wav,Normal,1
Normal_Videos_345_x264,datasets/UCF-Crime_frames_16\Normal\Normal_Videos_345_x264,datasets/UCF-Crime_audio\Normal\Normal_Videos_345_x264.wav,Normal,1
Normal_Videos_352_x264,datasets/UCF-Crime_frames_16\Normal\Normal_Videos_352_x264,datasets/UCF-Crime_audio\Normal\Normal_Videos_352_x264.wav,Normal,1
Normal_Videos_360_x264,datasets/UCF-Crime_frames_16\Normal\Normal_Videos_360_x264,datasets/UCF-Crime_audio\Normal\Normal_Videos_360_x264.wav,Normal,1
Normal_Videos_365_x264,datasets/UCF-Crime_frames_16\Normal\Normal_Videos_365_x264,datasets/UCF-Crime_audio\Normal\Normal_Videos_365_x264.wav,Normal,1
Normal_Videos_401_x264,datasets/UCF-Crime_frames_16\Normal\Normal_Videos_401_x264,datasets/UCF-Crime_audio\Normal\Normal_Videos_401_x264.wav,Normal,1
Normal_Videos_417_x264,datasets/UCF-Crime_frames_16\Normal\Normal_Videos_417_x264,datasets/UCF-Crime_audio\Normal\Normal_Videos_417_x264.wav,Normal,1
Normal_Videos_439_x264,datasets/UCF-Crime_frames_16\Normal\Normal_Videos_439_x264,datasets/UCF-Crime_audio\Normal\Normal_Videos_439_x264.wav,Normal,1
Normal_Videos_452_x264,datasets/UCF-Crime_frames_16\Normal\Normal_Videos_452_x264,datasets/UCF-Crime_audio\Normal\Normal_Videos_452_x264.wav,Normal,1
Normal_Videos_453_x264,datasets/UCF-Crime_frames_16\Normal\Normal_Videos_453_x264,datasets/UCF-Crime_audio\Normal\Normal_Videos_453_x264.wav,Normal,1
Normal_Videos_478_x264,datasets/UCF-Crime_frames_16\Normal\Normal_Videos_478_x264,,Normal,0
Normal_Videos_576_x264,datasets/UCF-Crime_frames_16\Normal\Normal_Videos_576_x264,datasets/UCF-Crime_audio\Normal\Normal_Videos_576_x264.wav,Normal,1
Normal_Videos_597_x264,datasets/UCF-Crime_frames_16\Normal\Normal_Videos_597_x264,datasets/UCF-Crime_audio\Normal\Normal_Videos_597_x264.wav,Normal,1
Normal_Videos_603_x264,datasets/UCF-Crime_frames_16\Normal\Normal_Videos_603_x264,datasets/UCF-Crime_audio\Normal\Normal_Videos_603_x264.wav,Normal,1
Normal_Videos_606_x264,datasets/UCF-Crime_frames_16\Normal\Normal_Videos_606_x264,datasets/UCF-Crime_audio\Normal\Normal_Videos_606_x264.wav,Normal,1
Normal_Videos_621_x264,datasets/UCF-Crime_frames_16\Normal\Normal_Videos_621_x264,datasets/UCF-Crime_audio\Normal\Normal_Videos_621_x264.wav,Normal,1
Normal_Videos_634_x264,datasets/UCF-Crime_frames_16\Normal\Normal_Videos_634_x264,datasets/UCF-Crime_audio\Normal\Normal_Videos_634_x264.wav,Normal,1
Normal_Videos_641_x264,datasets/UCF-Crime_frames_16\Normal\Normal_Videos_641_x264,datasets/UCF-Crime_audio\Normal\Normal_Videos_641_x264.wav,Normal,1
Normal_Videos_656_x264,datasets/UCF-Crime_frames_16\Normal\Normal_Videos_656_x264,datasets/UCF-Crime_audio\Normal\Normal_Videos_656_x264.wav,Normal,1
Normal_Videos_696_x264,datasets/UCF-Crime_frames_16\Normal\Normal_Videos_696_x264,datasets/UCF-Crime_audio\Normal\Normal_Videos_696_x264.wav,Normal,1
Normal_Videos_704_x264,datasets/UCF-Crime_frames_16\Normal\Normal_Videos_704_x264,datasets/UCF-Crime_audio\Normal\Normal_Videos_704_x264.wav,Normal,1
Normal_Videos_722_x264,datasets/UCF-Crime_frames_16\Normal\Normal_Videos_722_x264,datasets/UCF-Crime_audio\Normal\Normal_Videos_722_x264.wav,Normal,1
Normal_Videos_745_x264,datasets/UCF-Crime_frames_16\Normal\Normal_Videos_745_x264,datasets/UCF-Crime_audio\Normal\Normal_Videos_745_x264.wav,Normal,1
Normal_Videos_758_x264,datasets/UCF-Crime_frames_16\Normal\Normal_Videos_758_x264,datasets/UCF-Crime_audio\Normal\Normal_Videos_758_x264.wav,Normal,1
Normal_Videos_781_x264,datasets/UCF-Crime_frames_16\Normal\Normal_Videos_781_x264,datasets/UCF-Crime_audio\Normal\Normal_Videos_781_x264.wav,Normal,1
Normal_Videos_798_x264,datasets/UCF-Crime_frames_16\Normal\Normal_Videos_798_x264,,Normal,0
Normal_Videos_801_x264,datasets/UCF-Crime_frames_16\Normal\Normal_Videos_801_x264,datasets/UCF-Crime_audio\Normal\Normal_Videos_801_x264.wav,Normal,1
Normal_Videos_828_x264,datasets/UCF-Crime_frames_16\Normal\Normal_Videos_828_x264,datasets/UCF-Crime_audio\Normal\Normal_Videos_828_x264.wav,Normal,1
Normal_Videos_831_x264,datasets/UCF-Crime_frames_16\Normal\Normal_Videos_831_x264,datasets/UCF-Crime_audio\Normal\Normal_Videos_831_x264.wav,Normal,1
Normal_Videos_877_x264,datasets/UCF-Crime_frames_16\Normal\Normal_Videos_877_x264,datasets/UCF-Crime_audio\Normal\Normal_Videos_877_x264.wav,Normal,1
Normal_Videos_881_x264,datasets/UCF-Crime_frames_16\Normal\Normal_Videos_881_x264,datasets/UCF-Crime_audio\Normal\Normal_Videos_881_x264.wav,Normal,1
Normal_Videos_885_x264,datasets/UCF-Crime_frames_16\Normal\Normal_Videos_885_x264,datasets/UCF-Crime_audio\Normal\Normal_Videos_885_x264.wav,Normal,1
Normal_Videos_892_x264,datasets/UCF-Crime_frames_16\Normal\Normal_Videos_892_x264,datasets/UCF-Crime_audio\Normal\Normal_Videos_892_x264.wav,Normal,1
Normal_Videos_905_x264,datasets/UCF-Crime_frames_16\Normal\Normal_Videos_905_x264,,Normal,0
Normal_Videos_912_x264,datasets/UCF-Crime_frames_16\Normal\Normal_Videos_912_x264,,Normal,0
Normal_Videos_913_x264,datasets/UCF-Crime_frames_16\Normal\Normal_Videos_913_x264,,Normal,0
Normal_Videos_914_x264,datasets/UCF-Crime_frames_16\Normal\Normal_Videos_914_x264,,Normal,0
Normal_Videos_929_x264,datasets/UCF-Crime_frames_16\Normal\Normal_Videos_929_x264,datasets/UCF-Crime_audio\Normal\Normal_Videos_929_x264.wav,Normal,1
RoadAccidents001_x264,datasets/UCF-Crime_frames_16\RoadAccidents\RoadAccidents001_x264,datasets/UCF-Crime_audio\RoadAccidents\RoadAccidents001_x264.wav,RoadAccidents,1
RoadAccidents002_x264,datasets/UCF-Crime_frames_16\RoadAccidents\RoadAccidents002_x264,datasets/UCF-Crime_audio\RoadAccidents\RoadAccidents002_x264.wav,RoadAccidents,1
RoadAccidents003_x264,datasets/UCF-Crime_frames_16\RoadAccidents\RoadAccidents003_x264,,RoadAccidents,0
RoadAccidents004_x264,datasets/UCF-Crime_frames_16\RoadAccidents\RoadAccidents004_x264,,RoadAccidents,0
RoadAccidents005_x264,datasets/UCF-Crime_frames_16\RoadAccidents\RoadAccidents005_x264,,RoadAccidents,0
RoadAccidents006_x264,datasets/UCF-Crime_frames_16\RoadAccidents\RoadAccidents006_x264,,RoadAccidents,0
RoadAccidents007_x264,datasets/UCF-Crime_frames_16\RoadAccidents\RoadAccidents007_x264,,RoadAccidents,0
RoadAccidents008_x264,datasets/UCF-Crime_frames_16\RoadAccidents\RoadAccidents008_x264,,RoadAccidents,0
RoadAccidents009_x264,datasets/UCF-Crime_frames_16\RoadAccidents\RoadAccidents009_x264,,RoadAccidents,0
RoadAccidents010_x264,datasets/UCF-Crime_frames_16\RoadAccidents\RoadAccidents010_x264,,RoadAccidents,0
RoadAccidents011_x264,datasets/UCF-Crime_frames_16\RoadAccidents\RoadAccidents011_x264,,RoadAccidents,0
RoadAccidents012_x264,datasets/UCF-Crime_frames_16\RoadAccidents\RoadAccidents012_x264,,RoadAccidents,0
RoadAccidents013_x264,datasets/UCF-Crime_frames_16\RoadAccidents\RoadAccidents013_x264,,RoadAccidents,0
RoadAccidents014_x264,datasets/UCF-Crime_frames_16\RoadAccidents\RoadAccidents014_x264,,RoadAccidents,0
RoadAccidents015_x264,datasets/UCF-Crime_frames_16\RoadAccidents\RoadAccidents015_x264,,RoadAccidents,0
RoadAccidents016_x264,datasets/UCF-Crime_frames_16\RoadAccidents\RoadAccidents016_x264,,RoadAccidents,0
RoadAccidents017_x264,datasets/UCF-Crime_frames_16\RoadAccidents\RoadAccidents017_x264,,RoadAccidents,0
RoadAccidents018_x264,datasets/UCF-Crime_frames_16\RoadAccidents\RoadAccidents018_x264,,RoadAccidents,0
RoadAccidents019_x264,datasets/UCF-Crime_frames_16\RoadAccidents\RoadAccidents019_x264,,RoadAccidents,0
RoadAccidents020_x264,datasets/UCF-Crime_frames_16\RoadAccidents\RoadAccidents020_x264,,RoadAccidents,0
RoadAccidents021_x264,datasets/UCF-Crime_frames_16\RoadAccidents\RoadAccidents021_x264,,RoadAccidents,0
RoadAccidents022_x264,datasets/UCF-Crime_frames_16\RoadAccidents\RoadAccidents022_x264,,RoadAccidents,0
RoadAccidents023_x264,datasets/UCF-Crime_frames_16\RoadAccidents\RoadAccidents023_x264,,RoadAccidents,0
RoadAccidents024_x264,datasets/UCF-Crime_frames_16\RoadAccidents\RoadAccidents024_x264,,RoadAccidents,0
RoadAccidents025_x264,datasets/UCF-Crime_frames_16\RoadAccidents\RoadAccidents025_x264,,RoadAccidents,0
RoadAccidents026_x264,datasets/UCF-Crime_frames_16\RoadAccidents\RoadAccidents026_x264,,RoadAccidents,0
RoadAccidents027_x264,datasets/UCF-Crime_frames_16\RoadAccidents\RoadAccidents027_x264,,RoadAccidents,0
RoadAccidents028_x264,datasets/UCF-Crime_frames_16\RoadAccidents\RoadAccidents028_x264,,RoadAccidents,0
RoadAccidents029_x264,datasets/UCF-Crime_frames_16\RoadAccidents\RoadAccidents029_x264,,RoadAccidents,0
RoadAccidents030_x264,datasets/UCF-Crime_frames_16\RoadAccidents\RoadAccidents030_x264,datasets/UCF-Crime_audio\RoadAccidents\RoadAccidents030_x264.wav,RoadAccidents,1
RoadAccidents031_x264,datasets/UCF-Crime_frames_16\RoadAccidents\RoadAccidents031_x264,datasets/UCF-Crime_audio\RoadAccidents\RoadAccidents031_x264.wav,RoadAccidents,1
RoadAccidents032_x264,datasets/UCF-Crime_frames_16\RoadAccidents\RoadAccidents032_x264,datasets/UCF-Crime_audio\RoadAccidents\RoadAccidents032_x264.wav,RoadAccidents,1
RoadAccidents033_x264,datasets/UCF-Crime_frames_16\RoadAccidents\RoadAccidents033_x264,datasets/UCF-Crime_audio\RoadAccidents\RoadAccidents033_x264.wav,RoadAccidents,1
RoadAccidents034_x264,datasets/UCF-Crime_frames_16\RoadAccidents\RoadAccidents034_x264,datasets/UCF-Crime_audio\RoadAccidents\RoadAccidents034_x264.wav,RoadAccidents,1
RoadAccidents035_x264,datasets/UCF-Crime_frames_16\RoadAccidents\RoadAccidents035_x264,datasets/UCF-Crime_audio\RoadAccidents\RoadAccidents035_x264.wav,RoadAccidents,1
RoadAccidents036_x264,datasets/UCF-Crime_frames_16\RoadAccidents\RoadAccidents036_x264,datasets/UCF-Crime_audio\RoadAccidents\RoadAccidents036_x264.wav,RoadAccidents,1
RoadAccidents037_x264,datasets/UCF-Crime_frames_16\RoadAccidents\RoadAccidents037_x264,datasets/UCF-Crime_audio\RoadAccidents\RoadAccidents037_x264.wav,RoadAccidents,1
RoadAccidents038_x264,datasets/UCF-Crime_frames_16\RoadAccidents\RoadAccidents038_x264,datasets/UCF-Crime_audio\RoadAccidents\RoadAccidents038_x264.wav,RoadAccidents,1
RoadAccidents039_x264,datasets/UCF-Crime_frames_16\RoadAccidents\RoadAccidents039_x264,datasets/UCF-Crime_audio\RoadAccidents\RoadAccidents039_x264.wav,RoadAccidents,1
RoadAccidents040_x264,datasets/UCF-Crime_frames_16\RoadAccidents\RoadAccidents040_x264,datasets/UCF-Crime_audio\RoadAccidents\RoadAccidents040_x264.wav,RoadAccidents,1
RoadAccidents041_x264,datasets/UCF-Crime_frames_16\RoadAccidents\RoadAccidents041_x264,datasets/UCF-Crime_audio\RoadAccidents\RoadAccidents041_x264.wav,RoadAccidents,1
RoadAccidents042_x264,datasets/UCF-Crime_frames_16\RoadAccidents\RoadAccidents042_x264,datasets/UCF-Crime_audio\RoadAccidents\RoadAccidents042_x264.wav,RoadAccidents,1
RoadAccidents043_x264,datasets/UCF-Crime_frames_16\RoadAccidents\RoadAccidents043_x264,datasets/UCF-Crime_audio\RoadAccidents\RoadAccidents043_x264.wav,RoadAccidents,1
RoadAccidents044_x264,datasets/UCF-Crime_frames_16\RoadAccidents\RoadAccidents044_x264,datasets/UCF-Crime_audio\RoadAccidents\RoadAccidents044_x264.wav,RoadAccidents,1
RoadAccidents046_x264,datasets/UCF-Crime_frames_16\RoadAccidents\RoadAccidents046_x264,datasets/UCF-Crime_audio\RoadAccidents\RoadAccidents046_x264.wav,RoadAccidents,1
RoadAccidents047_x264,datasets/UCF-Crime_frames_16\RoadAccidents\RoadAccidents047_x264,datasets/UCF-Crime_audio\RoadAccidents\RoadAccidents047_x264.wav,RoadAccidents,1
RoadAccidents048_x264,datasets/UCF-Crime_frames_16\RoadAccidents\RoadAccidents048_x264,datasets/UCF-Crime_audio\RoadAccidents\RoadAccidents048_x264.wav,RoadAccidents,1
RoadAccidents049_x264,datasets/UCF-Crime_frames_16\RoadAccidents\RoadAccidents049_x264,datasets/UCF-Crime_audio\RoadAccidents\RoadAccidents049_x264.wav,RoadAccidents,1
RoadAccidents050_x264,datasets/UCF-Crime_frames_16\RoadAccidents\RoadAccidents050_x264,datasets/UCF-Crime_audio\RoadAccidents\RoadAccidents050_x264.wav,RoadAccidents,1
RoadAccidents051_x264,datasets/UCF-Crime_frames_16\RoadAccidents\RoadAccidents051_x264,datasets/UCF-Crime_audio\RoadAccidents\RoadAccidents051_x264.wav,RoadAccidents,1
RoadAccidents052_x264,datasets/UCF-Crime_frames_16\RoadAccidents\RoadAccidents052_x264,datasets/UCF-Crime_audio\RoadAccidents\RoadAccidents052_x264.wav,RoadAccidents,1
RoadAccidents053_x264,datasets/UCF-Crime_frames_16\RoadAccidents\RoadAccidents053_x264,datasets/UCF-Crime_audio\RoadAccidents\RoadAccidents053_x264.wav,RoadAccidents,1
RoadAccidents054_x264,datasets/UCF-Crime_frames_16\RoadAccidents\RoadAccidents054_x264,datasets/UCF-Crime_audio\RoadAccidents\RoadAccidents054_x264.wav,RoadAccidents,1
RoadAccidents055_x264,datasets/UCF-Crime_frames_16\RoadAccidents\RoadAccidents055_x264,datasets/UCF-Crime_audio\RoadAccidents\RoadAccidents055_x264.wav,RoadAccidents,1
RoadAccidents056_x264,datasets/UCF-Crime_frames_16\RoadAccidents\RoadAccidents056_x264,datasets/UCF-Crime_audio\RoadAccidents\RoadAccidents056_x264.wav,RoadAccidents,1
RoadAccidents057_x264,datasets/UCF-Crime_frames_16\RoadAccidents\RoadAccidents057_x264,datasets/UCF-Crime_audio\RoadAccidents\RoadAccidents057_x264.wav,RoadAccidents,1
RoadAccidents058_x264,datasets/UCF-Crime_frames_16\RoadAccidents\RoadAccidents058_x264,datasets/UCF-Crime_audio\RoadAccidents\RoadAccidents058_x264.wav,RoadAccidents,1
RoadAccidents059_x264,datasets/UCF-Crime_frames_16\RoadAccidents\RoadAccidents059_x264,datasets/UCF-Crime_audio\RoadAccidents\RoadAccidents059_x264.wav,RoadAccidents,1
RoadAccidents060_x264,datasets/UCF-Crime_frames_16\RoadAccidents\RoadAccidents060_x264,datasets/UCF-Crime_audio\RoadAccidents\RoadAccidents060_x264.wav,RoadAccidents,1
RoadAccidents061_x264,datasets/UCF-Crime_frames_16\RoadAccidents\RoadAccidents061_x264,datasets/UCF-Crime_audio\RoadAccidents\RoadAccidents061_x264.wav,RoadAccidents,1
RoadAccidents062_x264,datasets/UCF-Crime_frames_16\RoadAccidents\RoadAccidents062_x264,datasets/UCF-Crime_audio\RoadAccidents\RoadAccidents062_x264.wav,RoadAccidents,1
RoadAccidents063_x264,datasets/UCF-Crime_frames_16\RoadAccidents\RoadAccidents063_x264,datasets/UCF-Crime_audio\RoadAccidents\RoadAccidents063_x264.wav,RoadAccidents,1
RoadAccidents064_x264,datasets/UCF-Crime_frames_16\RoadAccidents\RoadAccidents064_x264,datasets/UCF-Crime_audio\RoadAccidents\RoadAccidents064_x264.wav,RoadAccidents,1
RoadAccidents065_x264,datasets/UCF-Crime_frames_16\RoadAccidents\RoadAccidents065_x264,datasets/UCF-Crime_audio\RoadAccidents\RoadAccidents065_x264.wav,RoadAccidents,1
RoadAccidents066_x264,datasets/UCF-Crime_frames_16\RoadAccidents\RoadAccidents066_x264,datasets/UCF-Crime_audio\RoadAccidents\RoadAccidents066_x264.wav,RoadAccidents,1
RoadAccidents067_x264,datasets/UCF-Crime_frames_16\RoadAccidents\RoadAccidents067_x264,datasets/UCF-Crime_audio\RoadAccidents\RoadAccidents067_x264.wav,RoadAccidents,1
RoadAccidents068_x264,datasets/UCF-Crime_frames_16\RoadAccidents\RoadAccidents068_x264,datasets/UCF-Crime_audio\RoadAccidents\RoadAccidents068_x264.wav,RoadAccidents,1
RoadAccidents069_x264,datasets/UCF-Crime_frames_16\RoadAccidents\RoadAccidents069_x264,datasets/UCF-Crime_audio\RoadAccidents\RoadAccidents069_x264.wav,RoadAccidents,1
RoadAccidents070_x264,datasets/UCF-Crime_frames_16\RoadAccidents\RoadAccidents070_x264,datasets/UCF-Crime_audio\RoadAccidents\RoadAccidents070_x264.wav,RoadAccidents,1
RoadAccidents071_x264,datasets/UCF-Crime_frames_16\RoadAccidents\RoadAccidents071_x264,datasets/UCF-Crime_audio\RoadAccidents\RoadAccidents071_x264.wav,RoadAccidents,1
RoadAccidents072_x264,datasets/UCF-Crime_frames_16\RoadAccidents\RoadAccidents072_x264,datasets/UCF-Crime_audio\RoadAccidents\RoadAccidents072_x264.wav,RoadAccidents,1
RoadAccidents073_x264,datasets/UCF-Crime_frames_16\RoadAccidents\RoadAccidents073_x264,datasets/UCF-Crime_audio\RoadAccidents\RoadAccidents073_x264.wav,RoadAccidents,1
RoadAccidents074_x264,datasets/UCF-Crime_frames_16\RoadAccidents\RoadAccidents074_x264,datasets/UCF-Crime_audio\RoadAccidents\RoadAccidents074_x264.wav,RoadAccidents,1
RoadAccidents075_x264,datasets/UCF-Crime_frames_16\RoadAccidents\RoadAccidents075_x264,datasets/UCF-Crime_audio\RoadAccidents\RoadAccidents075_x264.wav,RoadAccidents,1
RoadAccidents076_x264,datasets/UCF-Crime_frames_16\RoadAccidents\RoadAccidents076_x264,datasets/UCF-Crime_audio\RoadAccidents\RoadAccidents076_x264.wav,RoadAccidents,1
RoadAccidents077_x264,datasets/UCF-Crime_frames_16\RoadAccidents\RoadAccidents077_x264,datasets/UCF-Crime_audio\RoadAccidents\RoadAccidents077_x264.wav,RoadAccidents,1
RoadAccidents078_x264,datasets/UCF-Crime_frames_16\RoadAccidents\RoadAccidents078_x264,datasets/UCF-Crime_audio\RoadAccidents\RoadAccidents078_x264.wav,RoadAccidents,1
RoadAccidents079_x264,datasets/UCF-Crime_frames_16\RoadAccidents\RoadAccidents079_x264,datasets/UCF-Crime_audio\RoadAccidents\RoadAccidents079_x264.wav,RoadAccidents,1
RoadAccidents080_x264,datasets/UCF-Crime_frames_16\RoadAccidents\RoadAccidents080_x264,datasets/UCF-Crime_audio\RoadAccidents\RoadAccidents080_x264.wav,RoadAccidents,1
RoadAccidents081_x264,datasets/UCF-Crime_frames_16\RoadAccidents\RoadAccidents081_x264,datasets/UCF-Crime_audio\RoadAccidents\RoadAccidents081_x264.wav,RoadAccidents,1
RoadAccidents082_x264,datasets/UCF-Crime_frames_16\RoadAccidents\RoadAccidents082_x264,datasets/UCF-Crime_audio\RoadAccidents\RoadAccidents082_x264.wav,RoadAccidents,1
RoadAccidents083_x264,datasets/UCF-Crime_frames_16\RoadAccidents\RoadAccidents083_x264,datasets/UCF-Crime_audio\RoadAccidents\RoadAccidents083_x264.wav,RoadAccidents,1
RoadAccidents084_x264,datasets/UCF-Crime_frames_16\RoadAccidents\RoadAccidents084_x264,datasets/UCF-Crime_audio\RoadAccidents\RoadAccidents084_x264.wav,RoadAccidents,1
RoadAccidents085_x264,datasets/UCF-Crime_frames_16\RoadAccidents\RoadAccidents085_x264,datasets/UCF-Crime_audio\RoadAccidents\RoadAccidents085_x264.wav,RoadAccidents,1
RoadAccidents086_x264,datasets/UCF-Crime_frames_16\RoadAccidents\RoadAccidents086_x264,datasets/UCF-Crime_audio\RoadAccidents\RoadAccidents086_x264.wav,RoadAccidents,1
RoadAccidents087_x264,datasets/UCF-Crime_frames_16\RoadAccidents\RoadAccidents087_x264,datasets/UCF-Crime_audio\RoadAccidents\RoadAccidents087_x264.wav,RoadAccidents,1
RoadAccidents088_x264,datasets/UCF-Crime_frames_16\RoadAccidents\RoadAccidents088_x264,datasets/UCF-Crime_audio\RoadAccidents\RoadAccidents088_x264.wav,RoadAccidents,1
RoadAccidents089_x264,datasets/UCF-Crime_frames_16\RoadAccidents\RoadAccidents089_x264,datasets/UCF-Crime_audio\RoadAccidents\RoadAccidents089_x264.wav,RoadAccidents,1
RoadAccidents090_x264,datasets/UCF-Crime_frames_16\RoadAccidents\RoadAccidents090_x264,datasets/UCF-Crime_audio\RoadAccidents\RoadAccidents090_x264.wav,RoadAccidents,1
RoadAccidents091_x264,datasets/UCF-Crime_frames_16\RoadAccidents\RoadAccidents091_x264,datasets/UCF-Crime_audio\RoadAccidents\RoadAccidents091_x264.wav,RoadAccidents,1
RoadAccidents092_x264,datasets/UCF-Crime_frames_16\RoadAccidents\RoadAccidents092_x264,datasets/UCF-Crime_audio\RoadAccidents\RoadAccidents092_x264.wav,RoadAccidents,1
RoadAccidents093_x264,datasets/UCF-Crime_frames_16\RoadAccidents\RoadAccidents093_x264,datasets/UCF-Crime_audio\RoadAccidents\RoadAccidents093_x264.wav,RoadAccidents,1
RoadAccidents094_x264,datasets/UCF-Crime_frames_16\RoadAccidents\RoadAccidents094_x264,datasets/UCF-Crime_audio\RoadAccidents\RoadAccidents094_x264.wav,RoadAccidents,1
RoadAccidents095_x264,datasets/UCF-Crime_frames_16\RoadAccidents\RoadAccidents095_x264,datasets/UCF-Crime_audio\RoadAccidents\RoadAccidents095_x264.wav,RoadAccidents,1
RoadAccidents096_x264,datasets/UCF-Crime_frames_16\RoadAccidents\RoadAccidents096_x264,datasets/UCF-Crime_audio\RoadAccidents\RoadAccidents096_x264.wav,RoadAccidents,1
RoadAccidents097_x264,datasets/UCF-Crime_frames_16\RoadAccidents\RoadAccidents097_x264,datasets/UCF-Crime_audio\RoadAccidents\RoadAccidents097_x264.wav,RoadAccidents,1
RoadAccidents098_x264,datasets/UCF-Crime_frames_16\RoadAccidents\RoadAccidents098_x264,datasets/UCF-Crime_audio\RoadAccidents\RoadAccidents098_x264.wav,RoadAccidents,1
RoadAccidents099_x264,datasets/UCF-Crime_frames_16\RoadAccidents\RoadAccidents099_x264,datasets/UCF-Crime_audio\RoadAccidents\RoadAccidents099_x264.wav,RoadAccidents,1
RoadAccidents100_x264,datasets/UCF-Crime_frames_16\RoadAccidents\RoadAccidents100_x264,datasets/UCF-Crime_audio\RoadAccidents\RoadAccidents100_x264.wav,RoadAccidents,1
RoadAccidents101_x264,datasets/UCF-Crime_frames_16\RoadAccidents\RoadAccidents101_x264,datasets/UCF-Crime_audio\RoadAccidents\RoadAccidents101_x264.wav,RoadAccidents,1
RoadAccidents102_x264,datasets/UCF-Crime_frames_16\RoadAccidents\RoadAccidents102_x264,datasets/UCF-Crime_audio\RoadAccidents\RoadAccidents102_x264.wav,RoadAccidents,1
RoadAccidents103_x264,datasets/UCF-Crime_frames_16\RoadAccidents\RoadAccidents103_x264,datasets/UCF-Crime_audio\RoadAccidents\RoadAccidents103_x264.wav,RoadAccidents,1
RoadAccidents104_x264,datasets/UCF-Crime_frames_16\RoadAccidents\RoadAccidents104_x264,datasets/UCF-Crime_audio\RoadAccidents\RoadAccidents104_x264.wav,RoadAccidents,1
RoadAccidents105_x264,datasets/UCF-Crime_frames_16\RoadAccidents\RoadAccidents105_x264,datasets/UCF-Crime_audio\RoadAccidents\RoadAccidents105_x264.wav,RoadAccidents,1
RoadAccidents106_x264,datasets/UCF-Crime_frames_16\RoadAccidents\RoadAccidents106_x264,datasets/UCF-Crime_audio\RoadAccidents\RoadAccidents106_x264.wav,RoadAccidents,1
RoadAccidents107_x264,datasets/UCF-Crime_frames_16\RoadAccidents\RoadAccidents107_x264,datasets/UCF-Crime_audio\RoadAccidents\RoadAccidents107_x264.wav,RoadAccidents,1
RoadAccidents108_x264,datasets/UCF-Crime_frames_16\RoadAccidents\RoadAccidents108_x264,datasets/UCF-Crime_audio\RoadAccidents\RoadAccidents108_x264.wav,RoadAccidents,1
RoadAccidents109_x264,datasets/UCF-Crime_frames_16\RoadAccidents\RoadAccidents109_x264,datasets/UCF-Crime_audio\RoadAccidents\RoadAccidents109_x264.wav,RoadAccidents,1
RoadAccidents110_x264,datasets/UCF-Crime_frames_16\RoadAccidents\RoadAccidents110_x264,datasets/UCF-Crime_audio\RoadAccidents\RoadAccidents110_x264.wav,RoadAccidents,1
RoadAccidents111_x264,datasets/UCF-Crime_frames_16\RoadAccidents\RoadAccidents111_x264,datasets/UCF-Crime_audio\RoadAccidents\RoadAccidents111_x264.wav,RoadAccidents,1
RoadAccidents112_x264,datasets/UCF-Crime_frames_16\RoadAccidents\RoadAccidents112_x264,datasets/UCF-Crime_audio\RoadAccidents\RoadAccidents112_x264.wav,RoadAccidents,1
RoadAccidents113_x264,datasets/UCF-Crime_frames_16\RoadAccidents\RoadAccidents113_x264,datasets/UCF-Crime_audio\RoadAccidents\RoadAccidents113_x264.wav,RoadAccidents,1
RoadAccidents114_x264,datasets/UCF-Crime_frames_16\RoadAccidents\RoadAccidents114_x264,datasets/UCF-Crime_audio\RoadAccidents\RoadAccidents114_x264.wav,RoadAccidents,1
RoadAccidents115_x264,datasets/UCF-Crime_frames_16\RoadAccidents\RoadAccidents115_x264,datasets/UCF-Crime_audio\RoadAccidents\RoadAccidents115_x264.wav,RoadAccidents,1
RoadAccidents116_x264,datasets/UCF-Crime_frames_16\RoadAccidents\RoadAccidents116_x264,datasets/UCF-Crime_audio\RoadAccidents\RoadAccidents116_x264.wav,RoadAccidents,1
RoadAccidents117_x264,datasets/UCF-Crime_frames_16\RoadAccidents\RoadAccidents117_x264,datasets/UCF-Crime_audio\RoadAccidents\RoadAccidents117_x264.wav,RoadAccidents,1
RoadAccidents118_x264,datasets/UCF-Crime_frames_16\RoadAccidents\RoadAccidents118_x264,datasets/UCF-Crime_audio\RoadAccidents\RoadAccidents118_x264.wav,RoadAccidents,1
RoadAccidents119_x264,datasets/UCF-Crime_frames_16\RoadAccidents\RoadAccidents119_x264,datasets/UCF-Crime_audio\RoadAccidents\RoadAccidents119_x264.wav,RoadAccidents,1
RoadAccidents120_x264,datasets/UCF-Crime_frames_16\RoadAccidents\RoadAccidents120_x264,datasets/UCF-Crime_audio\RoadAccidents\RoadAccidents120_x264.wav,RoadAccidents,1
RoadAccidents121_x264,datasets/UCF-Crime_frames_16\RoadAccidents\RoadAccidents121_x264,datasets/UCF-Crime_audio\RoadAccidents\RoadAccidents121_x264.wav,RoadAccidents,1
RoadAccidents122_x264,datasets/UCF-Crime_frames_16\RoadAccidents\RoadAccidents122_x264,datasets/UCF-Crime_audio\RoadAccidents\RoadAccidents122_x264.wav,RoadAccidents,1
RoadAccidents123_x264,datasets/UCF-Crime_frames_16\RoadAccidents\RoadAccidents123_x264,datasets/UCF-Crime_audio\RoadAccidents\RoadAccidents123_x264.wav,RoadAccidents,1
RoadAccidents124_x264,datasets/UCF-Crime_frames_16\RoadAccidents\RoadAccidents124_x264,datasets/UCF-Crime_audio\RoadAccidents\RoadAccidents124_x264.wav,RoadAccidents,1
RoadAccidents125_x264,datasets/UCF-Crime_frames_16\RoadAccidents\RoadAccidents125_x264,datasets/UCF-Crime_audio\RoadAccidents\RoadAccidents125_x264.wav,RoadAccidents,1
RoadAccidents126_x264,datasets/UCF-Crime_frames_16\RoadAccidents\RoadAccidents126_x264,datasets/UCF-Crime_audio\RoadAccidents\RoadAccidents126_x264.wav,RoadAccidents,1
RoadAccidents127_x264,datasets/UCF-Crime_frames_16\RoadAccidents\RoadAccidents127_x264,datasets/UCF-Crime_audio\RoadAccidents\RoadAccidents127_x264.wav,RoadAccidents,1
RoadAccidents128_x264,datasets/UCF-Crime_frames_16\RoadAccidents\RoadAccidents128_x264,datasets/UCF-Crime_audio\RoadAccidents\RoadAccidents128_x264.wav,RoadAccidents,1
RoadAccidents129_x264,datasets/UCF-Crime_frames_16\RoadAccidents\RoadAccidents129_x264,datasets/UCF-Crime_audio\RoadAccidents\RoadAccidents129_x264.wav,RoadAccidents,1
RoadAccidents130_x264,datasets/UCF-Crime_frames_16\RoadAccidents\RoadAccidents130_x264,datasets/UCF-Crime_audio\RoadAccidents\RoadAccidents130_x264.wav,RoadAccidents,1
RoadAccidents131_x264,datasets/UCF-Crime_frames_16\RoadAccidents\RoadAccidents131_x264,datasets/UCF-Crime_audio\RoadAccidents\RoadAccidents131_x264.wav,RoadAccidents,1
RoadAccidents132_x264,datasets/UCF-Crime_frames_16\RoadAccidents\RoadAccidents132_x264,datasets/UCF-Crime_audio\RoadAccidents\RoadAccidents132_x264.wav,RoadAccidents,1
RoadAccidents133_x264,datasets/UCF-Crime_frames_16\RoadAccidents\RoadAccidents133_x264,datasets/UCF-Crime_audio\RoadAccidents\RoadAccidents133_x264.wav,RoadAccidents,1
RoadAccidents134_x264,datasets/UCF-Crime_frames_16\RoadAccidents\RoadAccidents134_x264,datasets/UCF-Crime_audio\RoadAccidents\RoadAccidents134_x264.wav,RoadAccidents,1
RoadAccidents135_x264,datasets/UCF-Crime_frames_16\RoadAccidents\RoadAccidents135_x264,datasets/UCF-Crime_audio\RoadAccidents\RoadAccidents135_x264.wav,RoadAccidents,1
RoadAccidents136_x264,datasets/UCF-Crime_frames_16\RoadAccidents\RoadAccidents136_x264,datasets/UCF-Crime_audio\RoadAccidents\RoadAccidents136_x264.wav,RoadAccidents,1
RoadAccidents137_x264,datasets/UCF-Crime_frames_16\RoadAccidents\RoadAccidents137_x264,datasets/UCF-Crime_audio\RoadAccidents\RoadAccidents137_x264.wav,RoadAccidents,1
RoadAccidents138_x264,datasets/UCF-Crime_frames_16\RoadAccidents\RoadAccidents138_x264,datasets/UCF-Crime_audio\RoadAccidents\RoadAccidents138_x264.wav,RoadAccidents,1
RoadAccidents139_x264,datasets/UCF-Crime_frames_16\RoadAccidents\RoadAccidents139_x264,datasets/UCF-Crime_audio\RoadAccidents\RoadAccidents139_x264.wav,RoadAccidents,1
RoadAccidents140_x264,datasets/UCF-Crime_frames_16\RoadAccidents\RoadAccidents140_x264,datasets/UCF-Crime_audio\RoadAccidents\RoadAccidents140_x264.wav,RoadAccidents,1
RoadAccidents141_x264,datasets/UCF-Crime_frames_16\RoadAccidents\RoadAccidents141_x264,datasets/UCF-Crime_audio\RoadAccidents\RoadAccidents141_x264.wav,RoadAccidents,1
RoadAccidents142_x264,datasets/UCF-Crime_frames_16\RoadAccidents\RoadAccidents142_x264,datasets/UCF-Crime_audio\RoadAccidents\RoadAccidents142_x264.wav,RoadAccidents,1
RoadAccidents143_x264,datasets/UCF-Crime_frames_16\RoadAccidents\RoadAccidents143_x264,datasets/UCF-Crime_audio\RoadAccidents\RoadAccidents143_x264.wav,RoadAccidents,1
RoadAccidents144_x264,datasets/UCF-Crime_frames_16\RoadAccidents\RoadAccidents144_x264,datasets/UCF-Crime_audio\RoadAccidents\RoadAccidents144_x264.wav,RoadAccidents,1
RoadAccidents145_x264,datasets/UCF-Crime_frames_16\RoadAccidents\RoadAccidents145_x264,datasets/UCF-Crime_audio\RoadAccidents\RoadAccidents145_x264.wav,RoadAccidents,1
RoadAccidents146_x264,datasets/UCF-Crime_frames_16\RoadAccidents\RoadAccidents146_x264,datasets/UCF-Crime_audio\RoadAccidents\RoadAccidents146_x264.wav,RoadAccidents,1
RoadAccidents147_x264,datasets/UCF-Crime_frames_16\RoadAccidents\RoadAccidents147_x264,datasets/UCF-Crime_audio\RoadAccidents\RoadAccidents147_x264.wav,RoadAccidents,1
RoadAccidents148_x264,datasets/UCF-Crime_frames_16\RoadAccidents\RoadAccidents148_x264,datasets/UCF-Crime_audio\RoadAccidents\RoadAccidents148_x264.wav,RoadAccidents,1
RoadAccidents149_x264,datasets/UCF-Crime_frames_16\RoadAccidents\RoadAccidents149_x264,datasets/UCF-Crime_audio\RoadAccidents\RoadAccidents149_x264.wav,RoadAccidents,1
RoadAccidents150_x264,datasets/UCF-Crime_frames_16\RoadAccidents\RoadAccidents150_x264,datasets/UCF-Crime_audio\RoadAccidents\RoadAccidents150_x264.wav,RoadAccidents,1
RoadAccidents151_x264,datasets/UCF-Crime_frames_16\RoadAccidents\RoadAccidents151_x264,datasets/UCF-Crime_audio\RoadAccidents\RoadAccidents151_x264.wav,RoadAccidents,1
Robbery001_x264,datasets/UCF-Crime_frames_16\Robbery\Robbery001_x264,datasets/UCF-Crime_audio\Robbery\Robbery001_x264.wav,Robbery,1
Robbery002_x264,datasets/UCF-Crime_frames_16\Robbery\Robbery002_x264,datasets/UCF-Crime_audio\Robbery\Robbery002_x264.wav,Robbery,1
Robbery003_x264,datasets/UCF-Crime_frames_16\Robbery\Robbery003_x264,datasets/UCF-Crime_audio\Robbery\Robbery003_x264.wav,Robbery,1
Robbery004_x264,datasets/UCF-Crime_frames_16\Robbery\Robbery004_x264,datasets/UCF-Crime_audio\Robbery\Robbery004_x264.wav,Robbery,1
Robbery005_x264,datasets/UCF-Crime_frames_16\Robbery\Robbery005_x264,datasets/UCF-Crime_audio\Robbery\Robbery005_x264.wav,Robbery,1
Robbery006_x264,datasets/UCF-Crime_frames_16\Robbery\Robbery006_x264,,Robbery,0
Robbery007_x264,datasets/UCF-Crime_frames_16\Robbery\Robbery007_x264,,Robbery,0
Robbery008_x264,datasets/UCF-Crime_frames_16\Robbery\Robbery008_x264,,Robbery,0
Robbery009_x264,datasets/UCF-Crime_frames_16\Robbery\Robbery009_x264,,Robbery,0
Robbery010_x264,datasets/UCF-Crime_frames_16\Robbery\Robbery010_x264,,Robbery,0
Robbery011_x264,datasets/UCF-Crime_frames_16\Robbery\Robbery011_x264,,Robbery,0
Robbery012_x264,datasets/UCF-Crime_frames_16\Robbery\Robbery012_x264,,Robbery,0
Robbery013_x264,datasets/UCF-Crime_frames_16\Robbery\Robbery013_x264,,Robbery,0
Robbery014_x264,datasets/UCF-Crime_frames_16\Robbery\Robbery014_x264,,Robbery,0
Robbery015_x264,datasets/UCF-Crime_frames_16\Robbery\Robbery015_x264,,Robbery,0
Robbery016_x264,datasets/UCF-Crime_frames_16\Robbery\Robbery016_x264,,Robbery,0
Robbery017_x264,datasets/UCF-Crime_frames_16\Robbery\Robbery017_x264,,Robbery,0
Robbery018_x264,datasets/UCF-Crime_frames_16\Robbery\Robbery018_x264,,Robbery,0
Robbery019_x264,datasets/UCF-Crime_frames_16\Robbery\Robbery019_x264,,Robbery,0
Robbery020_x264,datasets/UCF-Crime_frames_16\Robbery\Robbery020_x264,,Robbery,0
Robbery021_x264,datasets/UCF-Crime_frames_16\Robbery\Robbery021_x264,,Robbery,0
Robbery022_x264,datasets/UCF-Crime_frames_16\Robbery\Robbery022_x264,,Robbery,0
Robbery023_x264,datasets/UCF-Crime_frames_16\Robbery\Robbery023_x264,,Robbery,0
Robbery024_x264,datasets/UCF-Crime_frames_16\Robbery\Robbery024_x264,,Robbery,0
Robbery025_x264,datasets/UCF-Crime_frames_16\Robbery\Robbery025_x264,,Robbery,0
Robbery026_x264,datasets/UCF-Crime_frames_16\Robbery\Robbery026_x264,,Robbery,0
Robbery027_x264,datasets/UCF-Crime_frames_16\Robbery\Robbery027_x264,,Robbery,0
Robbery028_x264,datasets/UCF-Crime_frames_16\Robbery\Robbery028_x264,,Robbery,0
Robbery029_x264,datasets/UCF-Crime_frames_16\Robbery\Robbery029_x264,,Robbery,0
Robbery030_x264,datasets/UCF-Crime_frames_16\Robbery\Robbery030_x264,,Robbery,0
Robbery031_x264,datasets/UCF-Crime_frames_16\Robbery\Robbery031_x264,,Robbery,0
Robbery032_x264,datasets/UCF-Crime_frames_16\Robbery\Robbery032_x264,,Robbery,0
Robbery033_x264,datasets/UCF-Crime_frames_16\Robbery\Robbery033_x264,,Robbery,0
Robbery034_x264,datasets/UCF-Crime_frames_16\Robbery\Robbery034_x264,,Robbery,0
Robbery035_x264,datasets/UCF-Crime_frames_16\Robbery\Robbery035_x264,,Robbery,0
Robbery036_x264,datasets/UCF-Crime_frames_16\Robbery\Robbery036_x264,,Robbery,0
Robbery037_x264,datasets/UCF-Crime_frames_16\Robbery\Robbery037_x264,,Robbery,0
Robbery038_x264,datasets/UCF-Crime_frames_16\Robbery\Robbery038_x264,,Robbery,0
Robbery039_x264,datasets/UCF-Crime_frames_16\Robbery\Robbery039_x264,,Robbery,0
Robbery040_x264,datasets/UCF-Crime_frames_16\Robbery\Robbery040_x264,,Robbery,0
Robbery041_x264,datasets/UCF-Crime_frames_16\Robbery\Robbery041_x264,,Robbery,0
Robbery042_x264,datasets/UCF-Crime_frames_16\Robbery\Robbery042_x264,,Robbery,0
Robbery043_x264,datasets/UCF-Crime_frames_16\Robbery\Robbery043_x264,,Robbery,0
Robbery044_x264,datasets/UCF-Crime_frames_16\Robbery\Robbery044_x264,,Robbery,0
Robbery045_x264,datasets/UCF-Crime_frames_16\Robbery\Robbery045_x264,,Robbery,0
Robbery046_x264,datasets/UCF-Crime_frames_16\Robbery\Robbery046_x264,,Robbery,0
Robbery047_x264,datasets/UCF-Crime_frames_16\Robbery\Robbery047_x264,,Robbery,0
Robbery048_x264,datasets/UCF-Crime_frames_16\Robbery\Robbery048_x264,datasets/UCF-Crime_audio\Robbery\Robbery048_x264.wav,Robbery,1
Robbery049_x264,datasets/UCF-Crime_frames_16\Robbery\Robbery049_x264,datasets/UCF-Crime_audio\Robbery\Robbery049_x264.wav,Robbery,1
Robbery050_x264,datasets/UCF-Crime_frames_16\Robbery\Robbery050_x264,datasets/UCF-Crime_audio\Robbery\Robbery050_x264.wav,Robbery,1
Robbery051_x264,datasets/UCF-Crime_frames_16\Robbery\Robbery051_x264,datasets/UCF-Crime_audio\Robbery\Robbery051_x264.wav,Robbery,1
Robbery052_x264,datasets/UCF-Crime_frames_16\Robbery\Robbery052_x264,datasets/UCF-Crime_audio\Robbery\Robbery052_x264.wav,Robbery,1
Robbery053_x264,datasets/UCF-Crime_frames_16\Robbery\Robbery053_x264,datasets/UCF-Crime_audio\Robbery\Robbery053_x264.wav,Robbery,1
Robbery054_x264,datasets/UCF-Crime_frames_16\Robbery\Robbery054_x264,datasets/UCF-Crime_audio\Robbery\Robbery054_x264.wav,Robbery,1
Robbery055_x264,datasets/UCF-Crime_frames_16\Robbery\Robbery055_x264,datasets/UCF-Crime_audio\Robbery\Robbery055_x264.wav,Robbery,1
Robbery056_x264,datasets/UCF-Crime_frames_16\Robbery\Robbery056_x264,datasets/UCF-Crime_audio\Robbery\Robbery056_x264.wav,Robbery,1
Robbery057_x264,datasets/UCF-Crime_frames_16\Robbery\Robbery057_x264,datasets/UCF-Crime_audio\Robbery\Robbery057_x264.wav,Robbery,1
Robbery058_x264,datasets/UCF-Crime_frames_16\Robbery\Robbery058_x264,datasets/UCF-Crime_audio\Robbery\Robbery058_x264.wav,Robbery,1
Robbery059_x264,datasets/UCF-Crime_frames_16\Robbery\Robbery059_x264,datasets/UCF-Crime_audio\Robbery\Robbery059_x264.wav,Robbery,1
Robbery060_x264,datasets/UCF-Crime_frames_16\Robbery\Robbery060_x264,datasets/UCF-Crime_audio\Robbery\Robbery060_x264.wav,Robbery,1
Robbery061_x264,datasets/UCF-Crime_frames_16\Robbery\Robbery061_x264,datasets/UCF-Crime_audio\Robbery\Robbery061_x264.wav,Robbery,1
Robbery062_x264,datasets/UCF-Crime_frames_16\Robbery\Robbery062_x264,datasets/UCF-Crime_audio\Robbery\Robbery062_x264.wav,Robbery,1
Robbery063_x264,datasets/UCF-Crime_frames_16\Robbery\Robbery063_x264,datasets/UCF-Crime_audio\Robbery\Robbery063_x264.wav,Robbery,1
Robbery064_x264,datasets/UCF-Crime_frames_16\Robbery\Robbery064_x264,datasets/UCF-Crime_audio\Robbery\Robbery064_x264.wav,Robbery,1
Robbery065_x264,datasets/UCF-Crime_frames_16\Robbery\Robbery065_x264,datasets/UCF-Crime_audio\Robbery\Robbery065_x264.wav,Robbery,1
Robbery066_x264,datasets/UCF-Crime_frames_16\Robbery\Robbery066_x264,datasets/UCF-Crime_audio\Robbery\Robbery066_x264.wav,Robbery,1
Robbery067_x264,datasets/UCF-Crime_frames_16\Robbery\Robbery067_x264,datasets/UCF-Crime_audio\Robbery\Robbery067_x264.wav,Robbery,1
Robbery068_x264,datasets/UCF-Crime_frames_16\Robbery\Robbery068_x264,datasets/UCF-Crime_audio\Robbery\Robbery068_x264.wav,Robbery,1
Robbery069_x264,datasets/UCF-Crime_frames_16\Robbery\Robbery069_x264,datasets/UCF-Crime_audio\Robbery\Robbery069_x264.wav,Robbery,1
Robbery070_x264,datasets/UCF-Crime_frames_16\Robbery\Robbery070_x264,datasets/UCF-Crime_audio\Robbery\Robbery070_x264.wav,Robbery,1
Robbery071_x264,datasets/UCF-Crime_frames_16\Robbery\Robbery071_x264,datasets/UCF-Crime_audio\Robbery\Robbery071_x264.wav,Robbery,1
Robbery072_x264,datasets/UCF-Crime_frames_16\Robbery\Robbery072_x264,datasets/UCF-Crime_audio\Robbery\Robbery072_x264.wav,Robbery,1
Robbery073_x264,datasets/UCF-Crime_frames_16\Robbery\Robbery073_x264,datasets/UCF-Crime_audio\Robbery\Robbery073_x264.wav,Robbery,1
Robbery074_x264,datasets/UCF-Crime_frames_16\Robbery\Robbery074_x264,datasets/UCF-Crime_audio\Robbery\Robbery074_x264.wav,Robbery,1
Robbery075_x264,datasets/UCF-Crime_frames_16\Robbery\Robbery075_x264,datasets/UCF-Crime_audio\Robbery\Robbery075_x264.wav,Robbery,1
Robbery076_x264,datasets/UCF-Crime_frames_16\Robbery\Robbery076_x264,datasets/UCF-Crime_audio\Robbery\Robbery076_x264.wav,Robbery,1
Robbery077_x264,datasets/UCF-Crime_frames_16\Robbery\Robbery077_x264,,Robbery,0
Robbery078_x264,datasets/UCF-Crime_frames_16\Robbery\Robbery078_x264,datasets/UCF-Crime_audio\Robbery\Robbery078_x264.wav,Robbery,1
Robbery079_x264,datasets/UCF-Crime_frames_16\Robbery\Robbery079_x264,datasets/UCF-Crime_audio\Robbery\Robbery079_x264.wav,Robbery,1
Robbery080_x264,datasets/UCF-Crime_frames_16\Robbery\Robbery080_x264,datasets/UCF-Crime_audio\Robbery\Robbery080_x264.wav,Robbery,1
Robbery081_x264,datasets/UCF-Crime_frames_16\Robbery\Robbery081_x264,datasets/UCF-Crime_audio\Robbery\Robbery081_x264.wav,Robbery,1
Robbery082_x264,datasets/UCF-Crime_frames_16\Robbery\Robbery082_x264,datasets/UCF-Crime_audio\Robbery\Robbery082_x264.wav,Robbery,1
Robbery083_x264,datasets/UCF-Crime_frames_16\Robbery\Robbery083_x264,datasets/UCF-Crime_audio\Robbery\Robbery083_x264.wav,Robbery,1
Robbery084_x264,datasets/UCF-Crime_frames_16\Robbery\Robbery084_x264,datasets/UCF-Crime_audio\Robbery\Robbery084_x264.wav,Robbery,1
Robbery085_x264,datasets/UCF-Crime_frames_16\Robbery\Robbery085_x264,datasets/UCF-Crime_audio\Robbery\Robbery085_x264.wav,Robbery,1
Robbery086_x264,datasets/UCF-Crime_frames_16\Robbery\Robbery086_x264,datasets/UCF-Crime_audio\Robbery\Robbery086_x264.wav,Robbery,1
Robbery087_x264,datasets/UCF-Crime_frames_16\Robbery\Robbery087_x264,datasets/UCF-Crime_audio\Robbery\Robbery087_x264.wav,Robbery,1
Robbery088_x264,datasets/UCF-Crime_frames_16\Robbery\Robbery088_x264,datasets/UCF-Crime_audio\Robbery\Robbery088_x264.wav,Robbery,1
Robbery089_x264,datasets/UCF-Crime_frames_16\Robbery\Robbery089_x264,datasets/UCF-Crime_audio\Robbery\Robbery089_x264.wav,Robbery,1
Robbery090_x264,datasets/UCF-Crime_frames_16\Robbery\Robbery090_x264,datasets/UCF-Crime_audio\Robbery\Robbery090_x264.wav,Robbery,1
Robbery091_x264,datasets/UCF-Crime_frames_16\Robbery\Robbery091_x264,datasets/UCF-Crime_audio\Robbery\Robbery091_x264.wav,Robbery,1
Robbery092_x264,datasets/UCF-Crime_frames_16\Robbery\Robbery092_x264,datasets/UCF-Crime_audio\Robbery\Robbery092_x264.wav,Robbery,1
Robbery093_x264,datasets/UCF-Crime_frames_16\Robbery\Robbery093_x264,datasets/UCF-Crime_audio\Robbery\Robbery093_x264.wav,Robbery,1
Robbery094_x264,datasets/UCF-Crime_frames_16\Robbery\Robbery094_x264,datasets/UCF-Crime_audio\Robbery\Robbery094_x264.wav,Robbery,1
Robbery095_x264,datasets/UCF-Crime_frames_16\Robbery\Robbery095_x264,datasets/UCF-Crime_audio\Robbery\Robbery095_x264.wav,Robbery,1
Robbery096_x264,datasets/UCF-Crime_frames_16\Robbery\Robbery096_x264,datasets/UCF-Crime_audio\Robbery\Robbery096_x264.wav,Robbery,1
Robbery097_x264,datasets/UCF-Crime_frames_16\Robbery\Robbery097_x264,datasets/UCF-Crime_audio\Robbery\Robbery097_x264.wav,Robbery,1
Robbery098_x264,datasets/UCF-Crime_frames_16\Robbery\Robbery098_x264,datasets/UCF-Crime_audio\Robbery\Robbery098_x264.wav,Robbery,1
Robbery099_x264,datasets/UCF-Crime_frames_16\Robbery\Robbery099_x264,datasets/UCF-Crime_audio\Robbery\Robbery099_x264.wav,Robbery,1
Robbery100_x264,datasets/UCF-Crime_frames_16\Robbery\Robbery100_x264,datasets/UCF-Crime_audio\Robbery\Robbery100_x264.wav,Robbery,1
Robbery101_x264,datasets/UCF-Crime_frames_16\Robbery\Robbery101_x264,datasets/UCF-Crime_audio\Robbery\Robbery101_x264.wav,Robbery,1
Robbery102_x264,datasets/UCF-Crime_frames_16\Robbery\Robbery102_x264,datasets/UCF-Crime_audio\Robbery\Robbery102_x264.wav,Robbery,1
Robbery103_x264,datasets/UCF-Crime_frames_16\Robbery\Robbery103_x264,datasets/UCF-Crime_audio\Robbery\Robbery103_x264.wav,Robbery,1
Robbery104_x264,datasets/UCF-Crime_frames_16\Robbery\Robbery104_x264,datasets/UCF-Crime_audio\Robbery\Robbery104_x264.wav,Robbery,1
Robbery105_x264,datasets/UCF-Crime_frames_16\Robbery\Robbery105_x264,datasets/UCF-Crime_audio\Robbery\Robbery105_x264.wav,Robbery,1
Robbery106_x264,datasets/UCF-Crime_frames_16\Robbery\Robbery106_x264,datasets/UCF-Crime_audio\Robbery\Robbery106_x264.wav,Robbery,1
Robbery107_x264,datasets/UCF-Crime_frames_16\Robbery\Robbery107_x264,datasets/UCF-Crime_audio\Robbery\Robbery107_x264.wav,Robbery,1
Robbery108_x264,datasets/UCF-Crime_frames_16\Robbery\Robbery108_x264,datasets/UCF-Crime_audio\Robbery\Robbery108_x264.wav,Robbery,1
Robbery109_x264,datasets/UCF-Crime_frames_16\Robbery\Robbery109_x264,datasets/UCF-Crime_audio\Robbery\Robbery109_x264.wav,Robbery,1
Robbery110_x264,datasets/UCF-Crime_frames_16\Robbery\Robbery110_x264,datasets/UCF-Crime_audio\Robbery\Robbery110_x264.wav,Robbery,1
Robbery111_x264,datasets/UCF-Crime_frames_16\Robbery\Robbery111_x264,datasets/UCF-Crime_audio\Robbery\Robbery111_x264.wav,Robbery,1
Robbery112_x264,datasets/UCF-Crime_frames_16\Robbery\Robbery112_x264,datasets/UCF-Crime_audio\Robbery\Robbery112_x264.wav,Robbery,1
Robbery113_x264,datasets/UCF-Crime_frames_16\Robbery\Robbery113_x264,datasets/UCF-Crime_audio\Robbery\Robbery113_x264.wav,Robbery,1
Robbery114_x264,datasets/UCF-Crime_frames_16\Robbery\Robbery114_x264,datasets/UCF-Crime_audio\Robbery\Robbery114_x264.wav,Robbery,1
Robbery115_x264,datasets/UCF-Crime_frames_16\Robbery\Robbery115_x264,datasets/UCF-Crime_audio\Robbery\Robbery115_x264.wav,Robbery,1
Robbery116_x264,datasets/UCF-Crime_frames_16\Robbery\Robbery116_x264,datasets/UCF-Crime_audio\Robbery\Robbery116_x264.wav,Robbery,1
Robbery117_x264,datasets/UCF-Crime_frames_16\Robbery\Robbery117_x264,datasets/UCF-Crime_audio\Robbery\Robbery117_x264.wav,Robbery,1
Robbery118_x264,datasets/UCF-Crime_frames_16\Robbery\Robbery118_x264,datasets/UCF-Crime_audio\Robbery\Robbery118_x264.wav,Robbery,1
Robbery119_x264,datasets/UCF-Crime_frames_16\Robbery\Robbery119_x264,datasets/UCF-Crime_audio\Robbery\Robbery119_x264.wav,Robbery,1
Robbery120_x264,datasets/UCF-Crime_frames_16\Robbery\Robbery120_x264,datasets/UCF-Crime_audio\Robbery\Robbery120_x264.wav,Robbery,1
Robbery121_x264,datasets/UCF-Crime_frames_16\Robbery\Robbery121_x264,datasets/UCF-Crime_audio\Robbery\Robbery121_x264.wav,Robbery,1
Robbery122_x264,datasets/UCF-Crime_frames_16\Robbery\Robbery122_x264,datasets/UCF-Crime_audio\Robbery\Robbery122_x264.wav,Robbery,1
Robbery123_x264,datasets/UCF-Crime_frames_16\Robbery\Robbery123_x264,datasets/UCF-Crime_audio\Robbery\Robbery123_x264.wav,Robbery,1
Robbery124_x264,datasets/UCF-Crime_frames_16\Robbery\Robbery124_x264,datasets/UCF-Crime_audio\Robbery\Robbery124_x264.wav,Robbery,1
Robbery125_x264,datasets/UCF-Crime_frames_16\Robbery\Robbery125_x264,datasets/UCF-Crime_audio\Robbery\Robbery125_x264.wav,Robbery,1
Robbery126_x264,datasets/UCF-Crime_frames_16\Robbery\Robbery126_x264,datasets/UCF-Crime_audio\Robbery\Robbery126_x264.wav,Robbery,1
Robbery127_x264,datasets/UCF-Crime_frames_16\Robbery\Robbery127_x264,datasets/UCF-Crime_audio\Robbery\Robbery127_x264.wav,Robbery,1
Robbery128_x264,datasets/UCF-Crime_frames_16\Robbery\Robbery128_x264,datasets/UCF-Crime_audio\Robbery\Robbery128_x264.wav,Robbery,1
Robbery129_x264,datasets/UCF-Crime_frames_16\Robbery\Robbery129_x264,datasets/UCF-Crime_audio\Robbery\Robbery129_x264.wav,Robbery,1
Robbery130_x264,datasets/UCF-Crime_frames_16\Robbery\Robbery130_x264,datasets/UCF-Crime_audio\Robbery\Robbery130_x264.wav,Robbery,1
Robbery131_x264,datasets/UCF-Crime_frames_16\Robbery\Robbery131_x264,datasets/UCF-Crime_audio\Robbery\Robbery131_x264.wav,Robbery,1
Robbery132_x264,datasets/UCF-Crime_frames_16\Robbery\Robbery132_x264,datasets/UCF-Crime_audio\Robbery\Robbery132_x264.wav,Robbery,1
Robbery133_x264,datasets/UCF-Crime_frames_16\Robbery\Robbery133_x264,datasets/UCF-Crime_audio\Robbery\Robbery133_x264.wav,Robbery,1
Robbery134_x264,datasets/UCF-Crime_frames_16\Robbery\Robbery134_x264,datasets/UCF-Crime_audio\Robbery\Robbery134_x264.wav,Robbery,1
Robbery135_x264,datasets/UCF-Crime_frames_16\Robbery\Robbery135_x264,datasets/UCF-Crime_audio\Robbery\Robbery135_x264.wav,Robbery,1
Robbery136_x264,datasets/UCF-Crime_frames_16\Robbery\Robbery136_x264,datasets/UCF-Crime_audio\Robbery\Robbery136_x264.wav,Robbery,1
Robbery137_x264,datasets/UCF-Crime_frames_16\Robbery\Robbery137_x264,datasets/UCF-Crime_audio\Robbery\Robbery137_x264.wav,Robbery,1
Robbery138_x264,datasets/UCF-Crime_frames_16\Robbery\Robbery138_x264,datasets/UCF-Crime_audio\Robbery\Robbery138_x264.wav,Robbery,1
Robbery139_x264,datasets/UCF-Crime_frames_16\Robbery\Robbery139_x264,datasets/UCF-Crime_audio\Robbery\Robbery139_x264.wav,Robbery,1
Robbery140_x264,datasets/UCF-Crime_frames_16\Robbery\Robbery140_x264,datasets/UCF-Crime_audio\Robbery\Robbery140_x264.wav,Robbery,1
Robbery141_x264,datasets/UCF-Crime_frames_16\Robbery\Robbery141_x264,datasets/UCF-Crime_audio\Robbery\Robbery141_x264.wav,Robbery,1
Robbery142_x264,datasets/UCF-Crime_frames_16\Robbery\Robbery142_x264,datasets/UCF-Crime_audio\Robbery\Robbery142_x264.wav,Robbery,1
Robbery143_x264,datasets/UCF-Crime_frames_16\Robbery\Robbery143_x264,datasets/UCF-Crime_audio\Robbery\Robbery143_x264.wav,Robbery,1
Robbery144_x264,datasets/UCF-Crime_frames_16\Robbery\Robbery144_x264,datasets/UCF-Crime_audio\Robbery\Robbery144_x264.wav,Robbery,1
Robbery145_x264,datasets/UCF-Crime_frames_16\Robbery\Robbery145_x264,datasets/UCF-Crime_audio\Robbery\Robbery145_x264.wav,Robbery,1
Robbery146_x264,datasets/UCF-Crime_frames_16\Robbery\Robbery146_x264,datasets/UCF-Crime_audio\Robbery\Robbery146_x264.wav,Robbery,1
Robbery147_x264,datasets/UCF-Crime_frames_16\Robbery\Robbery147_x264,datasets/UCF-Crime_audio\Robbery\Robbery147_x264.wav,Robbery,1
Robbery148_x264,datasets/UCF-Crime_frames_16\Robbery\Robbery148_x264,datasets/UCF-Crime_audio\Robbery\Robbery148_x264.wav,Robbery,1
Robbery149_x264,datasets/UCF-Crime_frames_16\Robbery\Robbery149_x264,datasets/UCF-Crime_audio\Robbery\Robbery149_x264.wav,Robbery,1
Robbery150_x264,datasets/UCF-Crime_frames_16\Robbery\Robbery150_x264,datasets/UCF-Crime_audio\Robbery\Robbery150_x264.wav,Robbery,1
Shooting001_x264,datasets/UCF-Crime_frames_16\Shooting\Shooting001_x264,datasets/UCF-Crime_audio\Shooting\Shooting001_x264.wav,Shooting,1
Shooting002_x264,datasets/UCF-Crime_frames_16\Shooting\Shooting002_x264,datasets/UCF-Crime_audio\Shooting\Shooting002_x264.wav,Shooting,1
Shooting003_x264,datasets/UCF-Crime_frames_16\Shooting\Shooting003_x264,datasets/UCF-Crime_audio\Shooting\Shooting003_x264.wav,Shooting,1
Shooting004_x264,datasets/UCF-Crime_frames_16\Shooting\Shooting004_x264,datasets/UCF-Crime_audio\Shooting\Shooting004_x264.wav,Shooting,1
Shooting005_x264,datasets/UCF-Crime_frames_16\Shooting\Shooting005_x264,datasets/UCF-Crime_audio\Shooting\Shooting005_x264.wav,Shooting,1
Shooting006_x264,datasets/UCF-Crime_frames_16\Shooting\Shooting006_x264,datasets/UCF-Crime_audio\Shooting\Shooting006_x264.wav,Shooting,1
Shooting007_x264,datasets/UCF-Crime_frames_16\Shooting\Shooting007_x264,datasets/UCF-Crime_audio\Shooting\Shooting007_x264.wav,Shooting,1
Shooting008_x264,datasets/UCF-Crime_frames_16\Shooting\Shooting008_x264,,Shooting,0
Shooting009_x264,datasets/UCF-Crime_frames_16\Shooting\Shooting009_x264,,Shooting,0
Shooting010_x264,datasets/UCF-Crime_frames_16\Shooting\Shooting010_x264,datasets/UCF-Crime_audio\Shooting\Shooting010_x264.wav,Shooting,1
Shooting011_x264,datasets/UCF-Crime_frames_16\Shooting\Shooting011_x264,datasets/UCF-Crime_audio\Shooting\Shooting011_x264.wav,Shooting,1
Shooting012_x264,datasets/UCF-Crime_frames_16\Shooting\Shooting012_x264,datasets/UCF-Crime_audio\Shooting\Shooting012_x264.wav,Shooting,1
Shooting013_x264,datasets/UCF-Crime_frames_16\Shooting\Shooting013_x264,datasets/UCF-Crime_audio\Shooting\Shooting013_x264.wav,Shooting,1
Shooting014_x264,datasets/UCF-Crime_frames_16\Shooting\Shooting014_x264,datasets/UCF-Crime_audio\Shooting\Shooting014_x264.wav,Shooting,1
Shooting015_x264,datasets/UCF-Crime_frames_16\Shooting\Shooting015_x264,datasets/UCF-Crime_audio\Shooting\Shooting015_x264.wav,Shooting,1
Shooting017_x264,datasets/UCF-Crime_frames_16\Shooting\Shooting017_x264,datasets/UCF-Crime_audio\Shooting\Shooting017_x264.wav,Shooting,1
Shooting018_x264,datasets/UCF-Crime_frames_16\Shooting\Shooting018_x264,datasets/UCF-Crime_audio\Shooting\Shooting018_x264.wav,Shooting,1
Shooting019_x264,datasets/UCF-Crime_frames_16\Shooting\Shooting019_x264,datasets/UCF-Crime_audio\Shooting\Shooting019_x264.wav,Shooting,1
Shooting020_x264,datasets/UCF-Crime_frames_16\Shooting\Shooting020_x264,datasets/UCF-Crime_audio\Shooting\Shooting020_x264.wav,Shooting,1
Shooting021_x264,datasets/UCF-Crime_frames_16\Shooting\Shooting021_x264,datasets/UCF-Crime_audio\Shooting\Shooting021_x264.wav,Shooting,1
Shooting022_x264,datasets/UCF-Crime_frames_16\Shooting\Shooting022_x264,datasets/UCF-Crime_audio\Shooting\Shooting022_x264.wav,Shooting,1
Shooting023_x264,datasets/UCF-Crime_frames_16\Shooting\Shooting023_x264,datasets/UCF-Crime_audio\Shooting\Shooting023_x264.wav,Shooting,1
Shooting024_x264,datasets/UCF-Crime_frames_16\Shooting\Shooting024_x264,datasets/UCF-Crime_audio\Shooting\Shooting024_x264.wav,Shooting,1
Shooting025_x264,datasets/UCF-Crime_frames_16\Shooting\Shooting025_x264,datasets/UCF-Crime_audio\Shooting\Shooting025_x264.wav,Shooting,1
Shooting026_x264,datasets/UCF-Crime_frames_16\Shooting\Shooting026_x264,datasets/UCF-Crime_audio\Shooting\Shooting026_x264.wav,Shooting,1
Shooting027_x264,datasets/UCF-Crime_frames_16\Shooting\Shooting027_x264,datasets/UCF-Crime_audio\Shooting\Shooting027_x264.wav,Shooting,1
Shooting028_x264,datasets/UCF-Crime_frames_16\Shooting\Shooting028_x264,datasets/UCF-Crime_audio\Shooting\Shooting028_x264.wav,Shooting,1
Shooting029_x264,datasets/UCF-Crime_frames_16\Shooting\Shooting029_x264,datasets/UCF-Crime_audio\Shooting\Shooting029_x264.wav,Shooting,1
Shooting030_x264,datasets/UCF-Crime_frames_16\Shooting\Shooting030_x264,datasets/UCF-Crime_audio\Shooting\Shooting030_x264.wav,Shooting,1
Shooting031_x264,datasets/UCF-Crime_frames_16\Shooting\Shooting031_x264,datasets/UCF-Crime_audio\Shooting\Shooting031_x264.wav,Shooting,1
Shooting032_x264,datasets/UCF-Crime_frames_16\Shooting\Shooting032_x264,datasets/UCF-Crime_audio\Shooting\Shooting032_x264.wav,Shooting,1
Shooting033_x264,datasets/UCF-Crime_frames_16\Shooting\Shooting033_x264,datasets/UCF-Crime_audio\Shooting\Shooting033_x264.wav,Shooting,1
Shooting034_x264,datasets/UCF-Crime_frames_16\Shooting\Shooting034_x264,datasets/UCF-Crime_audio\Shooting\Shooting034_x264.wav,Shooting,1
Shooting036_x264,datasets/UCF-Crime_frames_16\Shooting\Shooting036_x264,datasets/UCF-Crime_audio\Shooting\Shooting036_x264.wav,Shooting,1
Shooting037_x264,datasets/UCF-Crime_frames_16\Shooting\Shooting037_x264,datasets/UCF-Crime_audio\Shooting\Shooting037_x264.wav,Shooting,1
Shooting038_x264,datasets/UCF-Crime_frames_16\Shooting\Shooting038_x264,datasets/UCF-Crime_audio\Shooting\Shooting038_x264.wav,Shooting,1
Shooting039_x264,datasets/UCF-Crime_frames_16\Shooting\Shooting039_x264,datasets/UCF-Crime_audio\Shooting\Shooting039_x264.wav,Shooting,1
Shooting040_x264,datasets/UCF-Crime_frames_16\Shooting\Shooting040_x264,datasets/UCF-Crime_audio\Shooting\Shooting040_x264.wav,Shooting,1
Shooting041_x264,datasets/UCF-Crime_frames_16\Shooting\Shooting041_x264,datasets/UCF-Crime_audio\Shooting\Shooting041_x264.wav,Shooting,1
Shooting042_x264,datasets/UCF-Crime_frames_16\Shooting\Shooting042_x264,datasets/UCF-Crime_audio\Shooting\Shooting042_x264.wav,Shooting,1
Shooting043_x264,datasets/UCF-Crime_frames_16\Shooting\Shooting043_x264,datasets/UCF-Crime_audio\Shooting\Shooting043_x264.wav,Shooting,1
Shooting044_x264,datasets/UCF-Crime_frames_16\Shooting\Shooting044_x264,datasets/UCF-Crime_audio\Shooting\Shooting044_x264.wav,Shooting,1
Shooting046_x264,datasets/UCF-Crime_frames_16\Shooting\Shooting046_x264,,Shooting,0
Shooting047_x264,datasets/UCF-Crime_frames_16\Shooting\Shooting047_x264,,Shooting,0
Shooting048_x264,datasets/UCF-Crime_frames_16\Shooting\Shooting048_x264,datasets/UCF-Crime_audio\Shooting\Shooting048_x264.wav,Shooting,1
Shooting050_x264,datasets/UCF-Crime_frames_16\Shooting\Shooting050_x264,datasets/UCF-Crime_audio\Shooting\Shooting050_x264.wav,Shooting,1
Shooting051_x264,datasets/UCF-Crime_frames_16\Shooting\Shooting051_x264,datasets/UCF-Crime_audio\Shooting\Shooting051_x264.wav,Shooting,1
Shooting052_x264,datasets/UCF-Crime_frames_16\Shooting\Shooting052_x264,datasets/UCF-Crime_audio\Shooting\Shooting052_x264.wav,Shooting,1
Shooting053_x264,datasets/UCF-Crime_frames_16\Shooting\Shooting053_x264,datasets/UCF-Crime_audio\Shooting\Shooting053_x264.wav,Shooting,1
Shooting054_x264,datasets/UCF-Crime_frames_16\Shooting\Shooting054_x264,datasets/UCF-Crime_audio\Shooting\Shooting054_x264.wav,Shooting,1
Shoplifting001_x264,datasets/UCF-Crime_frames_16\Shoplifting\Shoplifting001_x264,datasets/UCF-Crime_audio\Shoplifting\Shoplifting001_x264.wav,Shoplifting,1
Shoplifting003_x264,datasets/UCF-Crime_frames_16\Shoplifting\Shoplifting003_x264,datasets/UCF-Crime_audio\Shoplifting\Shoplifting003_x264.wav,Shoplifting,1
Shoplifting004_x264,datasets/UCF-Crime_frames_16\Shoplifting\Shoplifting004_x264,datasets/UCF-Crime_audio\Shoplifting\Shoplifting004_x264.wav,Shoplifting,1
Shoplifting005_x264,datasets/UCF-Crime_frames_16\Shoplifting\Shoplifting005_x264,,Shoplifting,0
Shoplifting006_x264,datasets/UCF-Crime_frames_16\Shoplifting\Shoplifting006_x264,,Shoplifting,0
Shoplifting007_x264,datasets/UCF-Crime_frames_16\Shoplifting\Shoplifting007_x264,,Shoplifting,0
Shoplifting008_x264,datasets/UCF-Crime_frames_16\Shoplifting\Shoplifting008_x264,,Shoplifting,0
Shoplifting009_x264,datasets/UCF-Crime_frames_16\Shoplifting\Shoplifting009_x264,,Shoplifting,0
Shoplifting010_x264,datasets/UCF-Crime_frames_16\Shoplifting\Shoplifting010_x264,,Shoplifting,0
Shoplifting012_x264,datasets/UCF-Crime_frames_16\Shoplifting\Shoplifting012_x264,,Shoplifting,0
Shoplifting013_x264,datasets/UCF-Crime_frames_16\Shoplifting\Shoplifting013_x264,,Shoplifting,0
Shoplifting014_x264,datasets/UCF-Crime_frames_16\Shoplifting\Shoplifting014_x264,,Shoplifting,0
Shoplifting015_x264,datasets/UCF-Crime_frames_16\Shoplifting\Shoplifting015_x264,,Shoplifting,0
Shoplifting016_x264,datasets/UCF-Crime_frames_16\Shoplifting\Shoplifting016_x264,datasets/UCF-Crime_audio\Shoplifting\Shoplifting016_x264.wav,Shoplifting,1
Shoplifting017_x264,datasets/UCF-Crime_frames_16\Shoplifting\Shoplifting017_x264,datasets/UCF-Crime_audio\Shoplifting\Shoplifting017_x264.wav,Shoplifting,1
Shoplifting018_x264,datasets/UCF-Crime_frames_16\Shoplifting\Shoplifting018_x264,datasets/UCF-Crime_audio\Shoplifting\Shoplifting018_x264.wav,Shoplifting,1
Shoplifting019_x264,datasets/UCF-Crime_frames_16\Shoplifting\Shoplifting019_x264,datasets/UCF-Crime_audio\Shoplifting\Shoplifting019_x264.wav,Shoplifting,1
Shoplifting020_x264,datasets/UCF-Crime_frames_16\Shoplifting\Shoplifting020_x264,datasets/UCF-Crime_audio\Shoplifting\Shoplifting020_x264.wav,Shoplifting,1
Shoplifting021_x264,datasets/UCF-Crime_frames_16\Shoplifting\Shoplifting021_x264,datasets/UCF-Crime_audio\Shoplifting\Shoplifting021_x264.wav,Shoplifting,1
Shoplifting022_x264,datasets/UCF-Crime_frames_16\Shoplifting\Shoplifting022_x264,datasets/UCF-Crime_audio\Shoplifting\Shoplifting022_x264.wav,Shoplifting,1
Shoplifting024_x264,datasets/UCF-Crime_frames_16\Shoplifting\Shoplifting024_x264,datasets/UCF-Crime_audio\Shoplifting\Shoplifting024_x264.wav,Shoplifting,1
Shoplifting025_x264,datasets/UCF-Crime_frames_16\Shoplifting\Shoplifting025_x264,datasets/UCF-Crime_audio\Shoplifting\Shoplifting025_x264.wav,Shoplifting,1
Shoplifting026_x264,datasets/UCF-Crime_frames_16\Shoplifting\Shoplifting026_x264,datasets/UCF-Crime_audio\Shoplifting\Shoplifting026_x264.wav,Shoplifting,1
Shoplifting027_x264,datasets/UCF-Crime_frames_16\Shoplifting\Shoplifting027_x264,datasets/UCF-Crime_audio\Shoplifting\Shoplifting027_x264.wav,Shoplifting,1
Shoplifting028_x264,datasets/UCF-Crime_frames_16\Shoplifting\Shoplifting028_x264,datasets/UCF-Crime_audio\Shoplifting\Shoplifting028_x264.wav,Shoplifting,1
Shoplifting029_x264,datasets/UCF-Crime_frames_16\Shoplifting\Shoplifting029_x264,datasets/UCF-Crime_audio\Shoplifting\Shoplifting029_x264.wav,Shoplifting,1
Shoplifting030_x264,datasets/UCF-Crime_frames_16\Shoplifting\Shoplifting030_x264,datasets/UCF-Crime_audio\Shoplifting\Shoplifting030_x264.wav,Shoplifting,1
Shoplifting031_x264,datasets/UCF-Crime_frames_16\Shoplifting\Shoplifting031_x264,datasets/UCF-Crime_audio\Shoplifting\Shoplifting031_x264.wav,Shoplifting,1
Shoplifting032_x264,datasets/UCF-Crime_frames_16\Shoplifting\Shoplifting032_x264,datasets/UCF-Crime_audio\Shoplifting\Shoplifting032_x264.wav,Shoplifting,1
Shoplifting033_x264,datasets/UCF-Crime_frames_16\Shoplifting\Shoplifting033_x264,datasets/UCF-Crime_audio\Shoplifting\Shoplifting033_x264.wav,Shoplifting,1
Shoplifting034_x264,datasets/UCF-Crime_frames_16\Shoplifting\Shoplifting034_x264,datasets/UCF-Crime_audio\Shoplifting\Shoplifting034_x264.wav,Shoplifting,1
Shoplifting036_x264,datasets/UCF-Crime_frames_16\Shoplifting\Shoplifting036_x264,datasets/UCF-Crime_audio\Shoplifting\Shoplifting036_x264.wav,Shoplifting,1
Shoplifting037_x264,datasets/UCF-Crime_frames_16\Shoplifting\Shoplifting037_x264,datasets/UCF-Crime_audio\Shoplifting\Shoplifting037_x264.wav,Shoplifting,1
Shoplifting038_x264,datasets/UCF-Crime_frames_16\Shoplifting\Shoplifting038_x264,datasets/UCF-Crime_audio\Shoplifting\Shoplifting038_x264.wav,Shoplifting,1
Shoplifting039_x264,datasets/UCF-Crime_frames_16\Shoplifting\Shoplifting039_x264,datasets/UCF-Crime_audio\Shoplifting\Shoplifting039_x264.wav,Shoplifting,1
Shoplifting040_x264,datasets/UCF-Crime_frames_16\Shoplifting\Shoplifting040_x264,datasets/UCF-Crime_audio\Shoplifting\Shoplifting040_x264.wav,Shoplifting,1
Shoplifting041_x264,datasets/UCF-Crime_frames_16\Shoplifting\Shoplifting041_x264,datasets/UCF-Crime_audio\Shoplifting\Shoplifting041_x264.wav,Shoplifting,1
Shoplifting042_x264,datasets/UCF-Crime_frames_16\Shoplifting\Shoplifting042_x264,datasets/UCF-Crime_audio\Shoplifting\Shoplifting042_x264.wav,Shoplifting,1
Shoplifting043_x264,datasets/UCF-Crime_frames_16\Shoplifting\Shoplifting043_x264,datasets/UCF-Crime_audio\Shoplifting\Shoplifting043_x264.wav,Shoplifting,1
Shoplifting044_x264,datasets/UCF-Crime_frames_16\Shoplifting\Shoplifting044_x264,datasets/UCF-Crime_audio\Shoplifting\Shoplifting044_x264.wav,Shoplifting,1
Shoplifting045_x264,datasets/UCF-Crime_frames_16\Shoplifting\Shoplifting045_x264,datasets/UCF-Crime_audio\Shoplifting\Shoplifting045_x264.wav,Shoplifting,1
Shoplifting047_x264,datasets/UCF-Crime_frames_16\Shoplifting\Shoplifting047_x264,datasets/UCF-Crime_audio\Shoplifting\Shoplifting047_x264.wav,Shoplifting,1
Shoplifting048_x264,datasets/UCF-Crime_frames_16\Shoplifting\Shoplifting048_x264,datasets/UCF-Crime_audio\Shoplifting\Shoplifting048_x264.wav,Shoplifting,1
Shoplifting049_x264,datasets/UCF-Crime_frames_16\Shoplifting\Shoplifting049_x264,datasets/UCF-Crime_audio\Shoplifting\Shoplifting049_x264.wav,Shoplifting,1
Shoplifting050_x264,datasets/UCF-Crime_frames_16\Shoplifting\Shoplifting050_x264,datasets/UCF-Crime_audio\Shoplifting\Shoplifting050_x264.wav,Shoplifting,1
Shoplifting051_x264,datasets/UCF-Crime_frames_16\Shoplifting\Shoplifting051_x264,datasets/UCF-Crime_audio\Shoplifting\Shoplifting051_x264.wav,Shoplifting,1
Shoplifting052_x264,datasets/UCF-Crime_frames_16\Shoplifting\Shoplifting052_x264,datasets/UCF-Crime_audio\Shoplifting\Shoplifting052_x264.wav,Shoplifting,1
Shoplifting053_x264,datasets/UCF-Crime_frames_16\Shoplifting\Shoplifting053_x264,datasets/UCF-Crime_audio\Shoplifting\Shoplifting053_x264.wav,Shoplifting,1
Shoplifting054_x264,datasets/UCF-Crime_frames_16\Shoplifting\Shoplifting054_x264,datasets/UCF-Crime_audio\Shoplifting\Shoplifting054_x264.wav,Shoplifting,1
Shoplifting055_x264,datasets/UCF-Crime_frames_16\Shoplifting\Shoplifting055_x264,datasets/UCF-Crime_audio\Shoplifting\Shoplifting055_x264.wav,Shoplifting,1
Stealing002_x264,datasets/UCF-Crime_frames_16\Stealing\Stealing002_x264,datasets/UCF-Crime_audio\Stealing\Stealing002_x264.wav,Stealing,1
Stealing003_x264,datasets/UCF-Crime_frames_16\Stealing\Stealing003_x264,,Stealing,0
Stealing004_x264,datasets/UCF-Crime_frames_16\Stealing\Stealing004_x264,,Stealing,0
Stealing006_x264,datasets/UCF-Crime_frames_16\Stealing\Stealing006_x264,,Stealing,0
Stealing007_x264,datasets/UCF-Crime_frames_16\Stealing\Stealing007_x264,,Stealing,0
Stealing008_x264,datasets/UCF-Crime_frames_16\Stealing\Stealing008_x264,,Stealing,0
Stealing009_x264,datasets/UCF-Crime_frames_16\Stealing\Stealing009_x264,,Stealing,0
Stealing010_x264,datasets/UCF-Crime_frames_16\Stealing\Stealing010_x264,,Stealing,0
Stealing011_x264,datasets/UCF-Crime_frames_16\Stealing\Stealing011_x264,,Stealing,0
Stealing012_x264,datasets/UCF-Crime_frames_16\Stealing\Stealing012_x264,,Stealing,0
Stealing013_x264,datasets/UCF-Crime_frames_16\Stealing\Stealing013_x264,,Stealing,0
Stealing014_x264,datasets/UCF-Crime_frames_16\Stealing\Stealing014_x264,,Stealing,0
Stealing015_x264,datasets/UCF-Crime_frames_16\Stealing\Stealing015_x264,,Stealing,0
Stealing016_x264,datasets/UCF-Crime_frames_16\Stealing\Stealing016_x264,,Stealing,0
Stealing017_x264,datasets/UCF-Crime_frames_16\Stealing\Stealing017_x264,,Stealing,0
Stealing018_x264,datasets/UCF-Crime_frames_16\Stealing\Stealing018_x264,,Stealing,0
Stealing019_x264,datasets/UCF-Crime_frames_16\Stealing\Stealing019_x264,datasets/UCF-Crime_audio\Stealing\Stealing019_x264.wav,Stealing,1
Stealing020_x264,datasets/UCF-Crime_frames_16\Stealing\Stealing020_x264,datasets/UCF-Crime_audio\Stealing\Stealing020_x264.wav,Stealing,1
Stealing021_x264,datasets/UCF-Crime_frames_16\Stealing\Stealing021_x264,datasets/UCF-Crime_audio\Stealing\Stealing021_x264.wav,Stealing,1
Stealing022_x264,datasets/UCF-Crime_frames_16\Stealing\Stealing022_x264,datasets/UCF-Crime_audio\Stealing\Stealing022_x264.wav,Stealing,1
Stealing023_x264,datasets/UCF-Crime_frames_16\Stealing\Stealing023_x264,datasets/UCF-Crime_audio\Stealing\Stealing023_x264.wav,Stealing,1
Stealing024_x264,datasets/UCF-Crime_frames_16\Stealing\Stealing024_x264,datasets/UCF-Crime_audio\Stealing\Stealing024_x264.wav,Stealing,1
Stealing025_x264,datasets/UCF-Crime_frames_16\Stealing\Stealing025_x264,datasets/UCF-Crime_audio\Stealing\Stealing025_x264.wav,Stealing,1
Stealing026_x264,datasets/UCF-Crime_frames_16\Stealing\Stealing026_x264,datasets/UCF-Crime_audio\Stealing\Stealing026_x264.wav,Stealing,1
Stealing027_x264,datasets/UCF-Crime_frames_16\Stealing\Stealing027_x264,datasets/UCF-Crime_audio\Stealing\Stealing027_x264.wav,Stealing,1
Stealing028_x264,datasets/UCF-Crime_frames_16\Stealing\Stealing028_x264,datasets/UCF-Crime_audio\Stealing\Stealing028_x264.wav,Stealing,1
Stealing029_x264,datasets/UCF-Crime_frames_16\Stealing\Stealing029_x264,datasets/UCF-Crime_audio\Stealing\Stealing029_x264.wav,Stealing,1
Stealing030_x264,datasets/UCF-Crime_frames_16\Stealing\Stealing030_x264,datasets/UCF-Crime_audio\Stealing\Stealing030_x264.wav,Stealing,1
Stealing031_x264,datasets/UCF-Crime_frames_16\Stealing\Stealing031_x264,datasets/UCF-Crime_audio\Stealing\Stealing031_x264.wav,Stealing,1
Stealing032_x264,datasets/UCF-Crime_frames_16\Stealing\Stealing032_x264,datasets/UCF-Crime_audio\Stealing\Stealing032_x264.wav,Stealing,1
Stealing035_x264,datasets/UCF-Crime_frames_16\Stealing\Stealing035_x264,datasets/UCF-Crime_audio\Stealing\Stealing035_x264.wav,Stealing,1
Stealing036_x264,datasets/UCF-Crime_frames_16\Stealing\Stealing036_x264,datasets/UCF-Crime_audio\Stealing\Stealing036_x264.wav,Stealing,1
Stealing037_x264,datasets/UCF-Crime_frames_16\Stealing\Stealing037_x264,datasets/UCF-Crime_audio\Stealing\Stealing037_x264.wav,Stealing,1
Stealing042_x264,datasets/UCF-Crime_frames_16\Stealing\Stealing042_x264,datasets/UCF-Crime_audio\Stealing\Stealing042_x264.wav,Stealing,1
Stealing043_x264,datasets/UCF-Crime_frames_16\Stealing\Stealing043_x264,datasets/UCF-Crime_audio\Stealing\Stealing043_x264.wav,Stealing,1
Stealing044_x264,datasets/UCF-Crime_frames_16\Stealing\Stealing044_x264,datasets/UCF-Crime_audio\Stealing\Stealing044_x264.wav,Stealing,1
Stealing045_x264,datasets/UCF-Crime_frames_16\Stealing\Stealing045_x264,datasets/UCF-Crime_audio\Stealing\Stealing045_x264.wav,Stealing,1
Stealing046_x264,datasets/UCF-Crime_frames_16\Stealing\Stealing046_x264,datasets/UCF-Crime_audio\Stealing\Stealing046_x264.wav,Stealing,1
Stealing047_x264,datasets/UCF-Crime_frames_16\Stealing\Stealing047_x264,datasets/UCF-Crime_audio\Stealing\Stealing047_x264.wav,Stealing,1
Stealing048_x264,datasets/UCF-Crime_frames_16\Stealing\Stealing048_x264,datasets/UCF-Crime_audio\Stealing\Stealing048_x264.wav,Stealing,1
Stealing049_x264,datasets/UCF-Crime_frames_16\Stealing\Stealing049_x264,datasets/UCF-Crime_audio\Stealing\Stealing049_x264.wav,Stealing,1
Stealing050_x264,datasets/UCF-Crime_frames_16\Stealing\Stealing050_x264,datasets/UCF-Crime_audio\Stealing\Stealing050_x264.wav,Stealing,1
Stealing051_x264,datasets/UCF-Crime_frames_16\Stealing\Stealing051_x264,datasets/UCF-Crime_audio\Stealing\Stealing051_x264.wav,Stealing,1
Stealing052_x264,datasets/UCF-Crime_frames_16\Stealing\Stealing052_x264,datasets/UCF-Crime_audio\Stealing\Stealing052_x264.wav,Stealing,1
Stealing053_x264,datasets/UCF-Crime_frames_16\Stealing\Stealing053_x264,datasets/UCF-Crime_audio\Stealing\Stealing053_x264.wav,Stealing,1
Stealing054_x264,datasets/UCF-Crime_frames_16\Stealing\Stealing054_x264,datasets/UCF-Crime_audio\Stealing\Stealing054_x264.wav,Stealing,1
Stealing055_x264,datasets/UCF-Crime_frames_16\Stealing\Stealing055_x264,datasets/UCF-Crime_audio\Stealing\Stealing055_x264.wav,Stealing,1
Stealing057_x264,datasets/UCF-Crime_frames_16\Stealing\Stealing057_x264,datasets/UCF-Crime_audio\Stealing\Stealing057_x264.wav,Stealing,1
Stealing058_x264,datasets/UCF-Crime_frames_16\Stealing\Stealing058_x264,datasets/UCF-Crime_audio\Stealing\Stealing058_x264.wav,Stealing,1
Stealing059_x264,datasets/UCF-Crime_frames_16\Stealing\Stealing059_x264,datasets/UCF-Crime_audio\Stealing\Stealing059_x264.wav,Stealing,1
Stealing060_x264,datasets/UCF-Crime_frames_16\Stealing\Stealing060_x264,datasets/UCF-Crime_audio\Stealing\Stealing060_x264.wav,Stealing,1
Stealing061_x264,datasets/UCF-Crime_frames_16\Stealing\Stealing061_x264,,Stealing,0
Stealing062_x264,datasets/UCF-Crime_frames_16\Stealing\Stealing062_x264,datasets/UCF-Crime_audio\Stealing\Stealing062_x264.wav,Stealing,1
Stealing063_x264,datasets/UCF-Crime_frames_16\Stealing\Stealing063_x264,datasets/UCF-Crime_audio\Stealing\Stealing063_x264.wav,Stealing,1
Stealing065_x264,datasets/UCF-Crime_frames_16\Stealing\Stealing065_x264,datasets/UCF-Crime_audio\Stealing\Stealing065_x264.wav,Stealing,1
Stealing066_x264,datasets/UCF-Crime_frames_16\Stealing\Stealing066_x264,datasets/UCF-Crime_audio\Stealing\Stealing066_x264.wav,Stealing,1
Stealing067_x264,datasets/UCF-Crime_frames_16\Stealing\Stealing067_x264,datasets/UCF-Crime_audio\Stealing\Stealing067_x264.wav,Stealing,1
Stealing068_x264,datasets/UCF-Crime_frames_16\Stealing\Stealing068_x264,datasets/UCF-Crime_audio\Stealing\Stealing068_x264.wav,Stealing,1
Stealing069_x264,datasets/UCF-Crime_frames_16\Stealing\Stealing069_x264,datasets/UCF-Crime_audio\Stealing\Stealing069_x264.wav,Stealing,1
Stealing070_x264,datasets/UCF-Crime_frames_16\Stealing\Stealing070_x264,datasets/UCF-Crime_audio\Stealing\Stealing070_x264.wav,Stealing,1
Stealing071_x264,datasets/UCF-Crime_frames_16\Stealing\Stealing071_x264,datasets/UCF-Crime_audio\Stealing\Stealing071_x264.wav,Stealing,1
Stealing072_x264,datasets/UCF-Crime_frames_16\Stealing\Stealing072_x264,datasets/UCF-Crime_audio\Stealing\Stealing072_x264.wav,Stealing,1
Stealing073_x264,datasets/UCF-Crime_frames_16\Stealing\Stealing073_x264,datasets/UCF-Crime_audio\Stealing\Stealing073_x264.wav,Stealing,1
Stealing074_x264,datasets/UCF-Crime_frames_16\Stealing\Stealing074_x264,datasets/UCF-Crime_audio\Stealing\Stealing074_x264.wav,Stealing,1
Stealing075_x264,datasets/UCF-Crime_frames_16\Stealing\Stealing075_x264,datasets/UCF-Crime_audio\Stealing\Stealing075_x264.wav,Stealing,1
Stealing077_x264,datasets/UCF-Crime_frames_16\Stealing\Stealing077_x264,datasets/UCF-Crime_audio\Stealing\Stealing077_x264.wav,Stealing,1
Stealing078_x264,datasets/UCF-Crime_frames_16\Stealing\Stealing078_x264,datasets/UCF-Crime_audio\Stealing\Stealing078_x264.wav,Stealing,1
Stealing079_x264,datasets/UCF-Crime_frames_16\Stealing\Stealing079_x264,datasets/UCF-Crime_audio\Stealing\Stealing079_x264.wav,Stealing,1
Stealing080_x264,datasets/UCF-Crime_frames_16\Stealing\Stealing080_x264,datasets/UCF-Crime_audio\Stealing\Stealing080_x264.wav,Stealing,1
Stealing081_x264,datasets/UCF-Crime_frames_16\Stealing\Stealing081_x264,datasets/UCF-Crime_audio\Stealing\Stealing081_x264.wav,Stealing,1
Stealing082_x264,datasets/UCF-Crime_frames_16\Stealing\Stealing082_x264,datasets/UCF-Crime_audio\Stealing\Stealing082_x264.wav,Stealing,1
Stealing083_x264,datasets/UCF-Crime_frames_16\Stealing\Stealing083_x264,datasets/UCF-Crime_audio\Stealing\Stealing083_x264.wav,Stealing,1
Stealing084_x264,datasets/UCF-Crime_frames_16\Stealing\Stealing084_x264,datasets/UCF-Crime_audio\Stealing\Stealing084_x264.wav,Stealing,1
Stealing086_x264,datasets/UCF-Crime_frames_16\Stealing\Stealing086_x264,datasets/UCF-Crime_audio\Stealing\Stealing086_x264.wav,Stealing,1
Stealing087_x264,datasets/UCF-Crime_frames_16\Stealing\Stealing087_x264,datasets/UCF-Crime_audio\Stealing\Stealing087_x264.wav,Stealing,1
Stealing088_x264,datasets/UCF-Crime_frames_16\Stealing\Stealing088_x264,datasets/UCF-Crime_audio\Stealing\Stealing088_x264.wav,Stealing,1
Stealing089_x264,datasets/UCF-Crime_frames_16\Stealing\Stealing089_x264,datasets/UCF-Crime_audio\Stealing\Stealing089_x264.wav,Stealing,1
Stealing091_x264,datasets/UCF-Crime_frames_16\Stealing\Stealing091_x264,datasets/UCF-Crime_audio\Stealing\Stealing091_x264.wav,Stealing,1
Stealing092_x264,datasets/UCF-Crime_frames_16\Stealing\Stealing092_x264,datasets/UCF-Crime_audio\Stealing\Stealing092_x264.wav,Stealing,1
Stealing093_x264,datasets/UCF-Crime_frames_16\Stealing\Stealing093_x264,datasets/UCF-Crime_audio\Stealing\Stealing093_x264.wav,Stealing,1
Stealing094_x264,datasets/UCF-Crime_frames_16\Stealing\Stealing094_x264,datasets/UCF-Crime_audio\Stealing\Stealing094_x264.wav,Stealing,1
Stealing095_x264,datasets/UCF-Crime_frames_16\Stealing\Stealing095_x264,datasets/UCF-Crime_audio\Stealing\Stealing095_x264.wav,Stealing,1
Stealing096_x264,datasets/UCF-Crime_frames_16\Stealing\Stealing096_x264,datasets/UCF-Crime_audio\Stealing\Stealing096_x264.wav,Stealing,1
Stealing097_x264,datasets/UCF-Crime_frames_16\Stealing\Stealing097_x264,datasets/UCF-Crime_audio\Stealing\Stealing097_x264.wav,Stealing,1
Stealing098_x264,datasets/UCF-Crime_frames_16\Stealing\Stealing098_x264,datasets/UCF-Crime_audio\Stealing\Stealing098_x264.wav,Stealing,1
Stealing100_x264,datasets/UCF-Crime_frames_16\Stealing\Stealing100_x264,datasets/UCF-Crime_audio\Stealing\Stealing100_x264.wav,Stealing,1
Stealing101_x264,datasets/UCF-Crime_frames_16\Stealing\Stealing101_x264,datasets/UCF-Crime_audio\Stealing\Stealing101_x264.wav,Stealing,1
Stealing102_x264,datasets/UCF-Crime_frames_16\Stealing\Stealing102_x264,datasets/UCF-Crime_audio\Stealing\Stealing102_x264.wav,Stealing,1
Stealing103_x264,datasets/UCF-Crime_frames_16\Stealing\Stealing103_x264,datasets/UCF-Crime_audio\Stealing\Stealing103_x264.wav,Stealing,1
Stealing104_x264,datasets/UCF-Crime_frames_16\Stealing\Stealing104_x264,datasets/UCF-Crime_audio\Stealing\Stealing104_x264.wav,Stealing,1
Stealing105_x264,datasets/UCF-Crime_frames_16\Stealing\Stealing105_x264,datasets/UCF-Crime_audio\Stealing\Stealing105_x264.wav,Stealing,1
Stealing106_x264,datasets/UCF-Crime_frames_16\Stealing\Stealing106_x264,datasets/UCF-Crime_audio\Stealing\Stealing106_x264.wav,Stealing,1
Stealing107_x264,datasets/UCF-Crime_frames_16\Stealing\Stealing107_x264,datasets/UCF-Crime_audio\Stealing\Stealing107_x264.wav,Stealing,1
Stealing108_x264,datasets/UCF-Crime_frames_16\Stealing\Stealing108_x264,datasets/UCF-Crime_audio\Stealing\Stealing108_x264.wav,Stealing,1
Stealing109_x264,datasets/UCF-Crime_frames_16\Stealing\Stealing109_x264,datasets/UCF-Crime_audio\Stealing\Stealing109_x264.wav,Stealing,1
Stealing110_x264,datasets/UCF-Crime_frames_16\Stealing\Stealing110_x264,datasets/UCF-Crime_audio\Stealing\Stealing110_x264.wav,Stealing,1
Stealing111_x264,datasets/UCF-Crime_frames_16\Stealing\Stealing111_x264,datasets/UCF-Crime_audio\Stealing\Stealing111_x264.wav,Stealing,1
Stealing112_x264,datasets/UCF-Crime_frames_16\Stealing\Stealing112_x264,datasets/UCF-Crime_audio\Stealing\Stealing112_x264.wav,Stealing,1
Stealing113_x264,datasets/UCF-Crime_frames_16\Stealing\Stealing113_x264,datasets/UCF-Crime_audio\Stealing\Stealing113_x264.wav,Stealing,1
Stealing114_x264,datasets/UCF-Crime_frames_16\Stealing\Stealing114_x264,datasets/UCF-Crime_audio\Stealing\Stealing114_x264.wav,Stealing,1
Vandalism001_x264,datasets/UCF-Crime_frames_16\Vandalism\Vandalism001_x264,datasets/UCF-Crime_audio\Vandalism\Vandalism001_x264.wav,Vandalism,1
Vandalism002_x264,datasets/UCF-Crime_frames_16\Vandalism\Vandalism002_x264,datasets/UCF-Crime_audio\Vandalism\Vandalism002_x264.wav,Vandalism,1
Vandalism003_x264,datasets/UCF-Crime_frames_16\Vandalism\Vandalism003_x264,datasets/UCF-Crime_audio\Vandalism\Vandalism003_x264.wav,Vandalism,1
Vandalism004_x264,datasets/UCF-Crime_frames_16\Vandalism\Vandalism004_x264,,Vandalism,0
Vandalism005_x264,datasets/UCF-Crime_frames_16\Vandalism\Vandalism005_x264,datasets/UCF-Crime_audio\Vandalism\Vandalism005_x264.wav,Vandalism,1
Vandalism006_x264,datasets/UCF-Crime_frames_16\Vandalism\Vandalism006_x264,datasets/UCF-Crime_audio\Vandalism\Vandalism006_x264.wav,Vandalism,1
Vandalism007_x264,datasets/UCF-Crime_frames_16\Vandalism\Vandalism007_x264,datasets/UCF-Crime_audio\Vandalism\Vandalism007_x264.wav,Vandalism,1
Vandalism008_x264,datasets/UCF-Crime_frames_16\Vandalism\Vandalism008_x264,datasets/UCF-Crime_audio\Vandalism\Vandalism008_x264.wav,Vandalism,1
Vandalism009_x264,datasets/UCF-Crime_frames_16\Vandalism\Vandalism009_x264,datasets/UCF-Crime_audio\Vandalism\Vandalism009_x264.wav,Vandalism,1
Vandalism010_x264,datasets/UCF-Crime_frames_16\Vandalism\Vandalism010_x264,datasets/UCF-Crime_audio\Vandalism\Vandalism010_x264.wav,Vandalism,1
Vandalism011_x264,datasets/UCF-Crime_frames_16\Vandalism\Vandalism011_x264,datasets/UCF-Crime_audio\Vandalism\Vandalism011_x264.wav,Vandalism,1
Vandalism012_x264,datasets/UCF-Crime_frames_16\Vandalism\Vandalism012_x264,datasets/UCF-Crime_audio\Vandalism\Vandalism012_x264.wav,Vandalism,1
Vandalism013_x264,datasets/UCF-Crime_frames_16\Vandalism\Vandalism013_x264,datasets/UCF-Crime_audio\Vandalism\Vandalism013_x264.wav,Vandalism,1
Vandalism014_x264,datasets/UCF-Crime_frames_16\Vandalism\Vandalism014_x264,datasets/UCF-Crime_audio\Vandalism\Vandalism014_x264.wav,Vandalism,1
Vandalism015_x264,datasets/UCF-Crime_frames_16\Vandalism\Vandalism015_x264,datasets/UCF-Crime_audio\Vandalism\Vandalism015_x264.wav,Vandalism,1
Vandalism016_x264,datasets/UCF-Crime_frames_16\Vandalism\Vandalism016_x264,datasets/UCF-Crime_audio\Vandalism\Vandalism016_x264.wav,Vandalism,1
Vandalism017_x264,datasets/UCF-Crime_frames_16\Vandalism\Vandalism017_x264,datasets/UCF-Crime_audio\Vandalism\Vandalism017_x264.wav,Vandalism,1
Vandalism018_x264,datasets/UCF-Crime_frames_16\Vandalism\Vandalism018_x264,datasets/UCF-Crime_audio\Vandalism\Vandalism018_x264.wav,Vandalism,1
Vandalism019_x264,datasets/UCF-Crime_frames_16\Vandalism\Vandalism019_x264,datasets/UCF-Crime_audio\Vandalism\Vandalism019_x264.wav,Vandalism,1
Vandalism020_x264,datasets/UCF-Crime_frames_16\Vandalism\Vandalism020_x264,datasets/UCF-Crime_audio\Vandalism\Vandalism020_x264.wav,Vandalism,1
Vandalism021_x264,datasets/UCF-Crime_frames_16\Vandalism\Vandalism021_x264,datasets/UCF-Crime_audio\Vandalism\Vandalism021_x264.wav,Vandalism,1
Vandalism022_x264,datasets/UCF-Crime_frames_16\Vandalism\Vandalism022_x264,datasets/UCF-Crime_audio\Vandalism\Vandalism022_x264.wav,Vandalism,1
Vandalism023_x264,datasets/UCF-Crime_frames_16\Vandalism\Vandalism023_x264,datasets/UCF-Crime_audio\Vandalism\Vandalism023_x264.wav,Vandalism,1
Vandalism024_x264,datasets/UCF-Crime_frames_16\Vandalism\Vandalism024_x264,datasets/UCF-Crime_audio\Vandalism\Vandalism024_x264.wav,Vandalism,1
Vandalism025_x264,datasets/UCF-Crime_frames_16\Vandalism\Vandalism025_x264,datasets/UCF-Crime_audio\Vandalism\Vandalism025_x264.wav,Vandalism,1
Vandalism026_x264,datasets/UCF-Crime_frames_16\Vandalism\Vandalism026_x264,datasets/UCF-Crime_audio\Vandalism\Vandalism026_x264.wav,Vandalism,1
Vandalism027_x264,datasets/UCF-Crime_frames_16\Vandalism\Vandalism027_x264,datasets/UCF-Crime_audio\Vandalism\Vandalism027_x264.wav,Vandalism,1
Vandalism028_x264,datasets/UCF-Crime_frames_16\Vandalism\Vandalism028_x264,datasets/UCF-Crime_audio\Vandalism\Vandalism028_x264.wav,Vandalism,1
Vandalism029_x264,datasets/UCF-Crime_frames_16\Vandalism\Vandalism029_x264,datasets/UCF-Crime_audio\Vandalism\Vandalism029_x264.wav,Vandalism,1
Vandalism030_x264,datasets/UCF-Crime_frames_16\Vandalism\Vandalism030_x264,datasets/UCF-Crime_audio\Vandalism\Vandalism030_x264.wav,Vandalism,1
Vandalism031_x264,datasets/UCF-Crime_frames_16\Vandalism\Vandalism031_x264,datasets/UCF-Crime_audio\Vandalism\Vandalism031_x264.wav,Vandalism,1
Vandalism032_x264,datasets/UCF-Crime_frames_16\Vandalism\Vandalism032_x264,datasets/UCF-Crime_audio\Vandalism\Vandalism032_x264.wav,Vandalism,1
Vandalism033_x264,datasets/UCF-Crime_frames_16\Vandalism\Vandalism033_x264,datasets/UCF-Crime_audio\Vandalism\Vandalism033_x264.wav,Vandalism,1
Vandalism034_x264,datasets/UCF-Crime_frames_16\Vandalism\Vandalism034_x264,datasets/UCF-Crime_audio\Vandalism\Vandalism034_x264.wav,Vandalism,1
Vandalism035_x264,datasets/UCF-Crime_frames_16\Vandalism\Vandalism035_x264,datasets/UCF-Crime_audio\Vandalism\Vandalism035_x264.wav,Vandalism,1
Vandalism036_x264,datasets/UCF-Crime_frames_16\Vandalism\Vandalism036_x264,datasets/UCF-Crime_audio\Vandalism\Vandalism036_x264.wav,Vandalism,1
Vandalism037_x264,datasets/UCF-Crime_frames_16\Vandalism\Vandalism037_x264,datasets/UCF-Crime_audio\Vandalism\Vandalism037_x264.wav,Vandalism,1
Vandalism038_x264,datasets/UCF-Crime_frames_16\Vandalism\Vandalism038_x264,datasets/UCF-Crime_audio\Vandalism\Vandalism038_x264.wav,Vandalism,1
Vandalism039_x264,datasets/UCF-Crime_frames_16\Vandalism\Vandalism039_x264,datasets/UCF-Crime_audio\Vandalism\Vandalism039_x264.wav,Vandalism,1
Vandalism040_x264,datasets/UCF-Crime_frames_16\Vandalism\Vandalism040_x264,datasets/UCF-Crime_audio\Vandalism\Vandalism040_x264.wav,Vandalism,1
Vandalism041_x264,datasets/UCF-Crime_frames_16\Vandalism\Vandalism041_x264,datasets/UCF-Crime_audio\Vandalism\Vandalism041_x264.wav,Vandalism,1
Vandalism042_x264,datasets/UCF-Crime_frames_16\Vandalism\Vandalism042_x264,datasets/UCF-Crime_audio\Vandalism\Vandalism042_x264.wav,Vandalism,1
Vandalism043_x264,datasets/UCF-Crime_frames_16\Vandalism\Vandalism043_x264,datasets/UCF-Crime_audio\Vandalism\Vandalism043_x264.wav,Vandalism,1
Vandalism044_x264,datasets/UCF-Crime_frames_16\Vandalism\Vandalism044_x264,datasets/UCF-Crime_audio\Vandalism\Vandalism044_x264.wav,Vandalism,1
Vandalism045_x264,datasets/UCF-Crime_frames_16\Vandalism\Vandalism045_x264,datasets/UCF-Crime_audio\Vandalism\Vandalism045_x264.wav,Vandalism,1
Vandalism046_x264,datasets/UCF-Crime_frames_16\Vandalism\Vandalism046_x264,datasets/UCF-Crime_audio\Vandalism\Vandalism046_x264.wav,Vandalism,1
Vandalism047_x264,datasets/UCF-Crime_frames_16\Vandalism\Vandalism047_x264,datasets/UCF-Crime_audio\Vandalism\Vandalism047_x264.wav,Vandalism,1
Vandalism048_x264,datasets/UCF-Crime_frames_16\Vandalism\Vandalism048_x264,datasets/UCF-Crime_audio\Vandalism\Vandalism048_x264.wav,Vandalism,1
Vandalism049_x264,datasets/UCF-Crime_frames_16\Vandalism\Vandalism049_x264,datasets/UCF-Crime_audio\Vandalism\Vandalism049_x264.wav,Vandalism,1
Vandalism050_x264,datasets/UCF-Crime_frames_16\Vandalism\Vandalism050_x264,datasets/UCF-Crime_audio\Vandalism\Vandalism050_x264.wav,Vandalism,1
